date,account_id,ad_id,ad_name,spend,impressions,clicks,视频播放进度25%次数,视频播放进度50%次数,视频平均播放时长
2026-02-03,1379725066317604,120237598152330510,PIC06-立绘卡牌展示-Vincent-英语,0.3,521,23,0.0,0.0,0.0
2026-02-03,1379725066317604,120237598152340510,PIC09-挑战强弱-Vincent-英语,0.5,691,20,0.0,0.0,0.0
2026-02-03,1379725066317604,120237598152430510,PIC08-升级进化-Vincent-英语,2.68,5360,38,0.0,0.0,0.0
2026-02-03,1379725066317604,120237598152440510,PIC03-登录送连抽场景版-Vincent-英语,0.75,1256,28,0.0,0.0,0.0
2026-02-03,1379725066317604,120237598152460510,PIC07-升级祭司-Vincent-英语,0.11,207,3,0.0,0.0,0.0
2026-02-03,1379725066317604,120237598152470510,PIC12-战斗PVP-Vincent-英语,1.04,1914,27,0.0,0.0,0.0
2026-02-03,1379725066317604,120237598152500510,PIC11-战斗PVE-Vincent-英语,0.06,72,4,0.0,0.0,0.0
2026-02-03,1379725066317604,120237598152510510,PIC02-登录送连抽扁平版-Vincent-英语,0.44,364,16,0.0,0.0,0.0
2026-02-03,1379725066317604,120237598152520510,PIC01-打造阵容-Vincent-英语,1.98,3663,61,0.0,0.0,0.0
2026-02-03,1379725066317604,120237598152530510,PIC04-合成场景版-Vincent-英语,0.11,178,6,0.0,0.0,0.0
2026-02-03,1379725066317604,120238770649730510,VID17-魔王阵容-Vincent-英语,2.42,2916,38,192.0,119.0,6.0
2026-02-03,1379725066317604,120238770649810510,VID15-卡牌滚动-Abbey-英语,21.12,17523,808,3622.0,1746.0,3.0
2026-02-03,1379725066317604,120239024373200510,PIC16-4级蛇女-Vincent-英语,1.44,1548,45,0.0,0.0,0.0
2026-02-03,1379725066317604,120239024373210510,PIC20-合成厨师长-Vincent-英语,1.72,2230,104,0.0,0.0,1.0
2026-02-03,1379725066317604,120239024373230510,PIC34-神族阵容-Vincent-英语,15.1,18270,478,0.0,0.0,1.0
2026-02-03,1379725066317604,120239024373240510,PIC29-世界观-Vincent-英语,2.75,4372,75,0.0,0.0,0.0
2026-02-03,1379725066317604,120239024373250510,PIC21-合成火法师-Vincent-英语,11.41,16883,458,0.0,0.0,0.0
2026-02-03,1379725066317604,120239024373260510,PIC26-升级蛇女佛耶哥-Vincent-通用,3.47,5674,77,0.0,0.0,1.0
2026-02-03,1379725066317604,120239279840120510,PIC08-升级进化-Vincent-英语,2.35,3981,45,0.0,0.0,0.0
2026-02-03,1379725066317604,120239279840130510,PIC12-战斗PVP-Vincent-英语,11.29,12432,286,2.0,1.0,2.0
2026-02-03,1379725066317604,120239279840140510,PIC03-登录送连抽场景版-Vincent-英语,2.72,1812,49,0.0,0.0,1.0
2026-02-03,1379725066317604,120239279840150510,PIC06-立绘卡牌展示-Vincent-英语,15.22,13845,387,0.0,0.0,0.0
2026-02-03,1379725066317604,120239279840160510,PIC02-登录送连抽扁平版-Vincent-英语,1.81,1100,42,0.0,0.0,0.0
2026-02-03,1379725066317604,120239294231690510,PIC26-升级蛇女佛耶哥-Vincent-通用,0.44,856,13,0.0,0.0,0.0
2026-02-03,1379725066317604,120239294231700510,PIC21-合成火法师-Vincent-英语,0.68,1290,10,1.0,0.0,1.0
2026-02-03,1379725066317604,120239294231720510,PIC29-世界观-Vincent-英语,1.12,2420,20,0.0,0.0,0.0
2026-02-03,1379725066317604,120239294231730510,PIC34-神族阵容-Vincent-英语,0.9,1334,46,0.0,0.0,0.0
2026-02-03,1379725066317604,120239294231740510,PIC20-合成厨师长-Vincent-英语,0.11,271,5,0.0,0.0,0.0
2026-02-03,1379725066317604,120239294231750510,PIC16-4级蛇女-Vincent-英语,0.25,331,4,0.0,0.0,0.0
2026-02-03,1379725066317604,120239297880900510,PIC34-神族阵容-Vincent-英语,4.25,5422,107,1.0,0.0,6.0
2026-02-03,1379725066317604,120239297880920510,PIC21-合成火法师-Vincent-英语,2.69,3638,92,0.0,0.0,0.0
2026-02-09,1379725066317604,120237593576530510,PIC01-打造阵容-Vincent-英语,27.12,2947,31,2.0,4.0,4.0
2026-02-09,1379725066317604,120237596829780510,PIC04-合成场景版-Vincent-英语,15.14,2480,5,0.0,0.0,0.0
2026-02-09,1379725066317604,120237596851810510,PIC05-合成祭司-Vincent-英语,27.42,3387,26,0.0,0.0,1.0
2026-02-09,1379725066317604,120237659770240510,VID06-LUDUS战斗-Vincent,18.5,520,17,111.0,91.0,6.0
2026-02-09,1379725066317604,120238607155660510,PIC13-4级厨师长-Vincent-英语,13.6,3853,16,0.0,0.0,1.0
2026-02-09,1379725066317604,120238607155690510,PIC14-4级佛耶哥-Vincent-英语,9.18,2026,11,2.0,2.0,3.0
2026-02-09,1379725066317604,120238607155710510,PIC15-4级巨魔-Vincent-英语,14.5,2297,19,0.0,0.0,1.0
2026-02-09,1379725066317604,120238607155720510,PIC16-4级蛇女-Vincent-英语,3.17,964,3,0.0,0.0,0.0
2026-02-09,1379725066317604,120238607155730510,PIC17-4级巫妖-Vincent-英语,15.76,3042,29,0.0,0.0,0.0
2026-02-09,1379725066317604,120238648236390510,VID11-合成角色展示-Vincent-通用,176.09,8952,184,1146.0,915.0,4.0
2026-02-09,1379725066317604,120239357471620510,PIC18-合成加特林-Vincent-英语,72.15,6389,90,0.0,0.0,0.0
2026-02-09,1379725066317604,120239357471640510,PIC19-合成修理师-Vincent-英语,171.43,17972,230,0.0,0.0,1.0
2026-02-09,1379725066317604,120239357471650510,PIC20-合成厨师长-Vincent-英语,11.88,2012,19,0.0,0.0,0.0
2026-02-09,1379725066317604,120239357471660510,PIC21-合成火法师-Vincent-英语,40.88,3794,62,0.0,0.0,0.0
2026-02-09,1379725066317604,120239357471670510,PIC22-合成蛇女-Vincent-英语,14.09,2540,10,0.0,0.0,0.0
2026-02-09,1379725066317604,120239357496490510,PIC23-合成犀牛-Vincent-英语,50.19,6558,65,0.0,0.0,0.0
2026-02-09,1379725066317604,120239357533120510,PIC29-世界观-Vincent-英语,28.92,2723,28,0.0,0.0,0.0
2026-02-09,1379725066317604,120239357533130510,PIC30-世界观2-Vincent-英语,24.9,2289,27,4.0,2.0,2.0
2026-02-09,1379725066317604,120239357533140510,PIC32-机械族阵容-Vincent-英语,1.57,479,1,0.0,0.0,0.0
2026-02-09,1379725066317604,120239357533150510,PIC33-魔族阵容-Vincent-英语,2.87,937,4,0.0,0.0,0.0
2026-02-09,1379725066317604,120239357533160510,PIC34-神族阵容-Vincent-英语,15.66,2446,29,0.0,0.0,0.0
2026-02-09,1379725066317604,120239358487270510,VID12-英雄展示1-Abbey-通用,30.39,2174,26,199.0,147.0,5.0
2026-02-09,1379725066317604,120239358520010510,VID20-角色升级-Vincent-英语,0.91,70,0,5.0,4.0,3.0
2026-02-09,1379725066317604,120239358530960510,VID22-选择+闯关-Vincent-英语,403.67,14757,367,2521.0,2189.0,6.0
2026-02-09,1379725066317604,120239358530980510,VID16-阵容组合-Abbey-英语,26.81,947,21,188.0,113.0,3.0
2026-02-09,1379725066317604,120239366394760510,VID16-阵容组合-Abbey-英语,2.94,1235,19,129.0,63.0,2.0
2026-02-09,1379725066317604,120239366394770510,VID12-英雄展示1-Abbey-通用,0.8,279,3,30.0,19.0,2.0
2026-02-09,1379725066317604,120239366394780510,VID22-选择+闯关-Vincent-英语,6.79,2155,31,189.0,134.0,3.0
2026-02-09,1379725066317604,120239366394790510,VID20-角色升级-Vincent-英语,0.48,297,3,25.0,15.0,2.0
2026-02-09,1379725066317604,120239366394800510,VID15-卡牌滚动-Abbey-英语,7.3,3988,41,323.0,173.0,2.0
2026-02-09,1379725066317604,120239366394830510,VID23-英雄升级战斗-Vincent-英语,0.27,73,0,3.0,1.0,2.0
2026-02-09,1379725066317604,120239366594730510,PIC17-4级巫妖-Vincent-英语,10.36,7100,149,1.0,0.0,3.0
2026-02-09,1379725066317604,120239366594740510,PIC34-神族阵容-Vincent-英语,32.97,19730,480,0.0,0.0,1.0
2026-02-09,1379725066317604,120239366594760510,PIC30-世界观2-Vincent-英语,6.01,2491,72,9.0,4.0,1.0
2026-02-09,1379725066317604,120239366594790510,PIC29-世界观-Vincent-英语,3.97,1969,52,0.0,0.0,1.0
2026-02-09,1379725066317604,120239366594800510,PIC32-机械族阵容-Vincent-英语,13.25,5234,148,14.0,10.0,2.0
2026-02-09,1379725066317604,120239366594810510,PIC33-魔族阵容-Vincent-英语,9.68,4512,141,6.0,4.0,5.0
2026-02-09,1379725066317604,120239366594820510,PIC18-合成加特林-Vincent-英语,6.69,3774,100,0.0,0.0,3.0
2026-02-09,1379725066317604,120239366594830510,PIC16-4级蛇女-Vincent-英语,1.47,622,14,0.0,0.0,0.0
2026-02-09,1379725066317604,120239366594840510,PIC19-合成修理师-Vincent-英语,6.36,3428,90,0.0,0.0,0.0
2026-02-09,1379725066317604,120239366594850510,PIC20-合成厨师长-Vincent-英语,2.45,1154,33,0.0,0.0,0.0
2026-02-09,1379725066317604,120239366594860510,PIC21-合成火法师-Vincent-英语,40.74,38497,672,2.0,1.0,3.0
2026-02-09,1379725066317604,120239366594870510,PIC22-合成蛇女-Vincent-英语,2.69,1523,34,0.0,0.0,1.0
2026-02-09,1379725066317604,120239366594880510,PIC23-合成犀牛-Vincent-英语,8.18,6531,84,0.0,0.0,2.0
2026-02-09,1379725066317604,120239366594890510,PIC13-4级厨师长-Vincent-英语,17.97,15156,229,16.0,10.0,2.0
2026-02-09,1379725066317604,120239366594900510,PIC14-4级佛耶哥-Vincent-英语,10.93,5166,84,24.0,10.0,1.0
2026-02-09,1379725066317604,120239366594910510,PIC15-4级巨魔-Vincent-英语,3.14,1890,33,8.0,4.0,1.0
2026-02-09,1379725066317604,120239366795310510,PIC05-合成祭司-Vincent-英语,7.22,5601,102,3.0,2.0,2.0
2026-02-09,1379725066317604,120239366795320510,PIC08-升级进化-Vincent-英语,8.54,7123,99,0.0,0.0,0.0
2026-02-09,1379725066317604,120239366795330510,PIC04-合成场景版-Vincent-英语,0.47,238,7,0.0,0.0,0.0
2026-02-09,1379725066317604,120239366795350510,PIC09-挑战强弱-Vincent-英语,3.16,1158,30,0.0,0.0,1.0
2026-02-09,1379725066317604,120239373825000510,VID24-DMG战斗2-Vincent-通用,1.29,763,3,50.0,22.0,2.0
2026-02-09,1379725066317604,120239408869010510,VID25-合成合成合成-Vincent-英语,0.01,2,0,0.0,0.0,2.0
2026-02-09,1379725066317604,120239408869020510,VID23-英雄升级战斗-Vincent-英语,52.84,2365,55,330.0,230.0,5.0
2026-02-09,1379725066317604,120239408869050510,VID18-角色展示轮播-Vincent-英语,128.4,7166,112,945.0,626.0,3.0
2026-02-09,1379725066317604,120239408982830510,VID13-英雄展示2-Abbey-通用,0.25,136,3,13.0,7.0,2.0
2026-02-09,1379725066317604,120239409035370510,VID25-合成合成合成-Vincent-英语,57.49,34387,607,3231.0,1669.0,3.0
2026-02-09,1379725066317604,120239422701180510,PIC五图04-英语,61.34,6110,84,5.0,4.0,1.0
2026-02-09,1379725066317604,120239422701190510,PIC五图05-英语,5.35,1453,4,0.0,0.0,1.0
2026-02-09,1379725066317604,120239422701200510,PIC五图01-英语,206.93,17901,360,2.0,1.0,2.0
2026-02-09,1379725066317604,120239422701210510,PIC五图02-英语,7.72,1943,11,5.0,2.0,3.0
2026-02-09,1379725066317604,120239422701220510,PIC五图03-英语,20.91,3988,21,1.0,1.0,2.0
2026-02-09,1379725066317604,120239423107420510,PIC五图03-英语,2.94,1174,40,5.0,1.0,1.0
2026-02-09,1379725066317604,120239423107430510,PIC五图02-英语,1.0,459,17,2.0,1.0,1.0
2026-02-09,1379725066317604,120239423107450510,PIC五图05-英语,3.11,1687,24,4.0,2.0,1.0
2026-02-09,1379725066317604,120239423107460510,PIC五图04-英语,56.6,46700,1007,25.0,11.0,2.0
2026-02-09,1379725066317604,120239423540220510,PIC五图06-英语,89.06,7651,133,10.0,4.0,3.0
2026-02-09,1379725066317604,120239423626760510,PIC五图06-英语,4.21,1469,81,16.0,9.0,3.0
2026-02-09,1379725066317604,120239504948630510,VID26-魔族失败胜利-Vincent-英语,36.91,1810,33,122.0,85.0,3.0
2026-02-09,1379725066317604,120239528904090510,PIC18-合成加特林-Vincent-英语,48.12,2772,37,0.0,0.0,0.0
2026-02-09,1379725066317604,120239528904100510,PIC20-合成厨师长-Vincent-英语,9.41,1138,8,0.0,0.0,0.0
2026-02-09,1379725066317604,120239528904110510,PIC23-合成犀牛-Vincent-英语,19.82,1528,20,0.0,0.0,0.0
2026-02-09,1379725066317604,120239528904120510,PIC22-合成蛇女-Vincent-英语,12.92,1524,13,0.0,0.0,0.0
2026-02-09,1379725066317604,120239528904130510,PIC21-合成火法师-Vincent-英语,166.9,15980,176,0.0,0.0,2.0
2026-02-09,1379725066317604,120239528904140510,PIC19-合成修理师-Vincent-英语,26.32,1676,23,0.0,0.0,0.0
2026-02-09,1379725066317604,120239531552690510,VID18-角色展示轮播-Vincent-英语,3.93,3349,21,266.0,156.0,2.0
2026-02-09,1379725066317604,120239531552700510,VID25-合成合成合成-Vincent-英语,2.3,1521,13,120.0,69.0,2.0
2026-02-09,1379725066317604,120239531552710510,VID13-英雄展示2-Abbey-通用,0.74,511,4,38.0,27.0,4.0
2026-02-09,1379725066317604,120239531552720510,VID24-DMG战斗2-Vincent-通用,16.04,11176,98,792.0,439.0,3.0
2026-02-09,1379725066317604,120239531552730510,VID06-LUDUS战斗-Vincent,12.76,5566,86,446.0,229.0,3.0
2026-02-09,1379725066317604,120239531590770510,PIC34-神族阵容-Vincent-英语,28.81,18634,330,5.0,3.0,2.0
2026-02-09,1379725066317604,120239531611030510,PIC18-合成加特林-Vincent-英语,4.67,3235,46,0.0,0.0,1.0
2026-02-10,1379725066317604,120239357471640510,PIC19-合成修理师-Vincent-英语,84.71,8237,134,0.0,0.0,0.0
2026-02-10,1379725066317604,120239357471670510,PIC22-合成蛇女-Vincent-英语,2.38,902,3,0.0,0.0,0.0
2026-02-10,1379725066317604,120239357496490510,PIC23-合成犀牛-Vincent-英语,39.44,4933,68,0.0,0.0,0.0
2026-02-10,1379725066317604,120239358530950510,VID19-角色展示轮播2-Vincent-英语,100.02,4601,96,788.0,515.0,3.0
2026-02-10,1379725066317604,120239358530960510,VID22-选择+闯关-Vincent-英语,57.86,2560,64,536.0,492.0,10.0
2026-02-10,1379725066317604,120239358530980510,VID16-阵容组合-Abbey-英语,11.1,402,12,70.0,43.0,4.0
2026-02-10,1379725066317604,120239366594740510,PIC34-神族阵容-Vincent-英语,0.07,32,1,0.0,0.0,0.0
2026-02-10,1379725066317604,120239366594800510,PIC32-机械族阵容-Vincent-英语,0.02,15,0,0.0,0.0,1.0
2026-02-10,1379725066317604,120239366594810510,PIC33-魔族阵容-Vincent-英语,0.07,36,0,0.0,0.0,0.0
2026-02-10,1379725066317604,120239366594850510,PIC20-合成厨师长-Vincent-英语,0.06,32,1,0.0,0.0,0.0
2026-02-10,1379725066317604,120239366594860510,PIC21-合成火法师-Vincent-英语,0.23,290,3,0.0,0.0,0.0
2026-02-10,1379725066317604,120239366594870510,PIC22-合成蛇女-Vincent-英语,0.02,3,1,0.0,0.0,0.0
2026-02-10,1379725066317604,120239366594880510,PIC23-合成犀牛-Vincent-英语,0.02,12,0,0.0,0.0,0.0
2026-02-10,1379725066317604,120239422701190510,PIC五图05-英语,0.84,310,0,0.0,0.0,1.0
2026-02-10,1379725066317604,120239422701200510,PIC五图01-英语,102.04,9510,188,3.0,1.0,3.0
2026-02-10,1379725066317604,120239422701210510,PIC五图02-英语,1.94,407,4,1.0,0.0,2.0
2026-02-10,1379725066317604,120239422701220510,PIC五图03-英语,7.1,790,9,0.0,0.0,1.0
2026-02-10,1379725066317604,120239423107430510,PIC五图02-英语,0.0,2,0,0.0,0.0,1.0
2026-02-10,1379725066317604,120239423107450510,PIC五图05-英语,0.01,1,0,0.0,0.0,0.0
2026-02-10,1379725066317604,120239423107460510,PIC五图04-英语,0.47,428,13,0.0,0.0,1.0
2026-02-10,1379725066317604,120239423540220510,PIC五图06-英语,20.45,2986,23,3.0,2.0,3.0
2026-02-10,1379725066317604,120239504948630510,VID26-魔族失败胜利-Vincent-英语,38.8,2145,29,119.0,78.0,3.0
2026-02-10,1379725066317604,120239528904130510,PIC21-合成火法师-Vincent-英语,84.23,10183,146,0.0,0.0,0.0
2026-02-10,1379725066317604,120239554427840510,PIC35-横版海报-Vincent-通用,30.16,3605,27,0.0,0.0,2.0
2026-02-09,898128255870755,120240257805250572,PIC04-合成场景版-Vincent-繁中,9.77,1664,14,0.0,0.0,0.0
2026-02-09,898128255870755,120240257805270572,PIC30-世界观2-Vincent-繁中,11.88,1556,9,14.0,9.0,2.0
2026-02-09,898128255870755,120240257912910572,PIC19-合成修理师-Vincent-繁中,19.09,2314,27,1.0,0.0,3.0
2026-02-09,898128255870755,120241465869800572,PIC五图01-繁中,6.25,592,11,0.0,0.0,1.0
2026-02-09,898128255870755,120241465869820572,PIC18-合成加特林-Vincent-繁中,3.38,438,10,0.0,0.0,0.0
2026-02-09,898128255870755,120241465869840572,VID10-选择英雄+战斗-Vincent,2.93,453,4,30.0,20.0,2.0
2026-02-09,898128255870755,120241467475140572,PIC五图05-韩语,25.26,3276,26,0.0,0.0,2.0
2026-02-09,898128255870755,120241467560440572,PIC五图01-韩语,11.96,1072,16,0.0,0.0,1.0
2026-02-09,898128255870755,120241467574950572,PIC16-4级蛇女-Vincent-韩语,3.9,573,4,0.0,0.0,0.0
2026-02-09,898128255870755,120241468014060572,VID11-合成角色展示-Vincent-韩语,3.09,247,2,37.0,34.0,3.0
2026-02-09,898128255870755,120241468014200572,VID18-角色展示轮播-Vincent-韩语,27.57,2510,41,279.0,190.0,2.0
2026-02-09,898128255870755,120241473277760572,PIC五图05-繁中,7.71,1297,10,0.0,0.0,1.0
2026-02-10,898128255870755,120240257805250572,PIC04-合成场景版-Vincent-繁中,29.24,4012,65,0.0,0.0,0.0
2026-02-10,898128255870755,120240257805270572,PIC30-世界观2-Vincent-繁中,19.09,2945,41,13.0,9.0,2.0
2026-02-10,898128255870755,120240257912910572,PIC19-合成修理师-Vincent-繁中,56.72,6068,86,0.0,0.0,0.0
2026-02-10,898128255870755,120241465869800572,PIC五图01-繁中,27.03,2670,57,0.0,0.0,1.0
2026-02-10,898128255870755,120241465869820572,PIC18-合成加特林-Vincent-繁中,30.61,2976,71,0.0,0.0,0.0
2026-02-10,898128255870755,120241465869840572,VID10-选择英雄+战斗-Vincent,46.18,5916,55,593.0,473.0,4.0
2026-02-10,898128255870755,120241467475140572,PIC五图05-韩语,9.37,701,11,5.0,4.0,1.0
2026-02-10,898128255870755,120241467560440572,PIC五图01-韩语,61.52,4608,102,1.0,0.0,1.0
2026-02-10,898128255870755,120241467574950572,PIC16-4级蛇女-Vincent-韩语,6.03,641,11,0.0,0.0,0.0
2026-02-10,898128255870755,120241468014060572,VID11-合成角色展示-Vincent-韩语,9.81,681,11,67.0,44.0,3.0
2026-02-10,898128255870755,120241468014200572,VID18-角色展示轮播-Vincent-韩语,88.27,5777,120,666.0,424.0,2.0
2026-02-10,898128255870755,120241473277760572,PIC五图05-繁中,1.69,472,4,1.0,1.0,3.0
2026-02-10,898128255870755,120241486368860572,VID24-DMG战斗2-Vincent-韩语,42.7,3385,44,319.0,173.0,3.0
2026-02-10,898128255870755,120241486390100572,PIC05-合成祭司-Vincent-韩语,55.41,3081,65,0.0,0.0,0.0
2026-02-10,898128255870755,120241501180390572,PIC五图01-繁中,17.76,2101,29,0.0,0.0,0.0
2026-02-10,898128255870755,120241501180420572,PIC18-合成加特林-Vincent-繁中,32.07,3125,35,1.0,0.0,1.0
2026-02-09,1384270166683478,6931591409952,PIC02-登录送连抽扁平版-Vincent-韩语,25.6,1205,24,1.0,0.0,3.0
2026-02-09,1384270166683478,6931592716752,PIC06-立绘卡牌展示-Vincent-韩语,22.7,1247,31,1.0,1.0,3.0
2026-02-09,1384270166683478,6931592749952,PIC05-合成祭司-Vincent-韩语,211.08,19797,305,0.0,0.0,1.0
2026-02-09,1384270166683478,6931593311552,PIC08-升级进化-Vincent-韩语,67.75,11205,127,0.0,0.0,2.0
2026-02-09,1384270166683478,6931593368752,PIC04-合成场景版-Vincent-韩语,13.65,1419,23,0.0,0.0,0.0
2026-02-09,1384270166683478,6931593682752,VID26-魔族失败胜利-Vincent-韩语,39.02,3325,51,531.0,365.0,5.0
2026-02-09,1384270166683478,6939191252952,PIC16-4级蛇女-Vincent-韩语,108.34,26741,200,2.0,0.0,2.0
2026-02-09,1384270166683478,6939191253152,PIC17-4级巫妖-Vincent-韩语,142.77,22904,210,0.0,0.0,1.0
2026-02-09,1384270166683478,6939191253352,PIC13-4级厨师长-Vincent-韩语,36.18,9051,44,0.0,0.0,1.0
2026-02-09,1384270166683478,6939191253552,PIC14-4级佛耶哥-Vincent-韩语,33.96,10724,62,61.0,56.0,3.0
2026-02-09,1384270166683478,6939191253752,PIC15-4级巨魔-Vincent-韩语,17.44,1868,22,4.0,3.0,1.0
2026-02-09,1384270166683478,6939192111152,PIC22-合成蛇女-Vincent-韩语,9.4,1078,9,0.0,0.0,1.0
2026-02-09,1384270166683478,6939192111552,PIC18-合成加特林-Vincent-韩语,244.26,19875,393,5.0,2.0,1.0
2026-02-09,1384270166683478,6939192111752,PIC19-合成修理师-Vincent-韩语,58.14,4298,75,1.0,0.0,1.0
2026-02-09,1384270166683478,6939192111952,PIC20-合成厨师长-Vincent-韩语,16.48,1085,25,0.0,0.0,0.0
2026-02-09,1384270166683478,6939192112152,PIC21-合成火法师-Vincent-韩语,5.2,716,5,0.0,0.0,1.0
2026-02-09,1384270166683478,6939192224152,PIC23-合成犀牛-Vincent-韩语,7.98,576,10,0.0,0.0,0.0
2026-02-09,1384270166683478,6939192289152,PIC34-神族阵容-Vincent-韩语,11.08,1947,20,16.0,13.0,3.0
2026-02-09,1384270166683478,6939192289552,PIC29-世界观-Vincent-韩语,54.79,6910,88,4.0,2.0,5.0
2026-02-09,1384270166683478,6939192289752,PIC30-世界观2-Vincent-韩语,24.77,1697,30,8.0,4.0,2.0
2026-02-09,1384270166683478,6939192289952,PIC32-机械族阵容-Vincent-韩语,8.2,1877,15,13.0,12.0,5.0
2026-02-09,1384270166683478,6939192290152,PIC33-魔族阵容-Vincent-韩语,2.39,546,8,5.0,2.0,2.0
2026-02-09,1384270166683478,6939192777152,VID19-角色展示轮播2-Vincent-韩语,0.0,1,0,0.0,0.0,0.0
2026-02-09,1384270166683478,6939193162952,VID18-角色展示轮播-Vincent-韩语,298.8,21360,429,3587.0,2436.0,3.0
2026-02-09,1384270166683478,6939193287552,VID12-英雄展示1-Abbey-通用,53.46,6563,124,1854.0,1388.0,5.0
2026-02-09,1384270166683478,6939193504352,VID11-合成角色展示-Vincent-韩语,317.21,18147,605,7266.0,6624.0,8.0
2026-02-09,1384270166683478,6939193504952,VID17-魔王阵容-Vincent-韩语,2.51,99,7,14.0,12.0,3.0
2026-02-09,1384270166683478,6939195939752,PIC17-4级巫妖-Vincent-繁中,5.32,404,12,2.0,1.0,2.0
2026-02-09,1384270166683478,6939195940552,PIC13-4级厨师长-Vincent-繁中,7.22,569,10,6.0,6.0,3.0
2026-02-09,1384270166683478,6939195940752,PIC14-4级佛耶哥-Vincent-繁中,13.05,609,13,12.0,3.0,2.0
2026-02-09,1384270166683478,6939195940952,PIC16-4级蛇女-Vincent-繁中,7.43,533,11,0.0,0.0,0.0
2026-02-09,1384270166683478,6939195941952,PIC15-4级巨魔-Vincent-繁中,14.51,1178,17,10.0,3.0,1.0
2026-02-09,1384270166683478,6939210113952,PIC22-合成蛇女-Vincent-繁中,1.68,166,3,0.0,0.0,0.0
2026-02-09,1384270166683478,6939210114152,PIC18-合成加特林-Vincent-繁中,23.3,1779,54,0.0,0.0,0.0
2026-02-09,1384270166683478,6939210114352,PIC19-合成修理师-Vincent-繁中,44.02,3446,117,0.0,0.0,0.0
2026-02-09,1384270166683478,6939210114552,PIC20-合成厨师长-Vincent-繁中,0.71,152,3,0.0,0.0,0.0
2026-02-09,1384270166683478,6939210114752,PIC21-合成火法师-Vincent-繁中,19.1,1882,58,1.0,1.0,3.0
2026-02-09,1384270166683478,6939214269552,PIC29-世界观-Vincent-繁中,14.34,768,46,5.0,3.0,4.0
2026-02-09,1384270166683478,6939214269752,PIC30-世界观2-Vincent-繁中,17.96,1082,48,28.0,18.0,4.0
2026-02-09,1384270166683478,6939214269952,PIC32-机械族阵容-Vincent-繁中,21.83,1174,59,13.0,11.0,3.0
2026-02-09,1384270166683478,6939214270152,PIC33-魔族阵容-Vincent-繁中,3.14,283,12,2.0,1.0,3.0
2026-02-09,1384270166683478,6939214270352,PIC34-神族阵容-Vincent-繁中,14.95,882,37,11.0,7.0,2.0
2026-02-09,1384270166683478,6939214283552,PIC23-合成犀牛-Vincent-繁中,19.0,1244,34,0.0,0.0,0.0
2026-02-09,1384270166683478,6939216112352,PIC04-合成场景版-Vincent-繁中,28.37,1760,53,0.0,0.0,0.0
2026-02-09,1384270166683478,6939216112552,PIC06-立绘卡牌展示-Vincent-繁中,28.68,1575,84,0.0,0.0,0.0
2026-02-09,1384270166683478,6939216112752,PIC11-战斗PVE-Vincent-繁中,16.77,860,41,0.0,0.0,0.0
2026-02-09,1384270166683478,6939216113152,PIC08-升级进化-Vincent-繁中,11.03,1263,23,0.0,0.0,0.0
2026-02-09,1384270166683478,6939217869352,VID11-合成角色展示-Vincent-繁中,10.06,473,19,66.0,56.0,3.0
2026-02-09,1384270166683478,6939219987752,VID12-英雄展示1-Abbey-通用,64.95,4170,118,692.0,522.0,3.0
2026-02-09,1384270166683478,6939220131752,VID15-卡牌滚动-Abbey-繁中,7.38,323,7,75.0,60.0,4.0
2026-02-09,1384270166683478,6939220323352,VID18-角色展示轮播-Vincent-繁中,11.66,631,20,73.0,51.0,2.0
2026-02-09,1384270166683478,6939220323752,VID19-角色展示轮播2-Vincent-繁中,14.64,1018,22,131.0,92.0,2.0
2026-02-09,1384270166683478,6939220724952,VID10-选择英雄+战斗-Vincent,75.3,6614,133,893.0,723.0,4.0
2026-02-09,1384270166683478,6939220725752,VID26-魔族失败胜利-Vincent-繁中,2.56,134,4,22.0,12.0,4.0
2026-02-09,1384270166683478,6939223232952,VID24-DMG战斗2-Vincent-韩语,53.71,4026,114,1208.0,1034.0,7.0
2026-02-09,1384270166683478,6939743275152,VID25-合成合成合成-Vincent-繁中,2.13,104,0,41.0,22.0,10.0
2026-02-09,1384270166683478,6939743275352,VID23-英雄升级战斗-Vincent-繁中,11.4,413,7,65.0,34.0,5.0
2026-02-09,1384270166683478,6939743275552,VID22-选择+闯关-Vincent-繁中,55.4,2716,63,657.0,586.0,6.0
2026-02-09,1384270166683478,6939743275752,VID21-神族战斗-Vincent-繁中,14.41,591,16,151.0,136.0,6.0
2026-02-09,1384270166683478,6939743637352,VID23-英雄升级战斗-Vincent-韩语,45.42,3973,84,940.0,553.0,7.0
2026-02-09,1384270166683478,6939743637552,VID22-选择+闯关-Vincent-韩语,66.47,4270,62,899.0,786.0,5.0
2026-02-09,1384270166683478,6939853825752,PIC五图04-韩语,26.51,5649,44,0.0,0.0,0.0
2026-02-09,1384270166683478,6939853826152,PIC五图05-韩语,33.67,6721,77,14.0,10.0,1.0
2026-02-09,1384270166683478,6939853826352,PIC五图01-韩语,164.57,12279,297,1.0,0.0,1.0
2026-02-09,1384270166683478,6939853826552,PIC五图02-韩语,24.51,5488,66,1.0,1.0,1.0
2026-02-09,1384270166683478,6939853826752,PIC五图03-韩语,37.22,5136,55,24.0,14.0,2.0
2026-02-09,1384270166683478,6939856067152,PIC五图01-繁中,58.22,3413,205,0.0,0.0,0.0
2026-02-09,1384270166683478,6939856067352,PIC五图02-繁中,2.54,158,7,3.0,3.0,4.0
2026-02-09,1384270166683478,6939856067552,PIC五图03-繁中,12.38,687,32,2.0,0.0,1.0
2026-02-09,1384270166683478,6939856067952,PIC五图04-繁中,4.9,390,17,3.0,3.0,2.0
2026-02-09,1384270166683478,6939858185152,PIC五图05-繁中,5.12,425,16,8.0,6.0,2.0
2026-02-09,1384270166683478,6939859460752,PIC五图06-繁中,0.73,47,5,0.0,0.0,0.0
2026-02-09,1384270166683478,6939860601752,PIC五图06-韩语,87.96,5763,115,33.0,17.0,3.0
2026-02-09,1384270166683478,6941085524752,VID11-合成角色展示-Vincent-韩语,95.14,6383,112,1365.0,1193.0,5.0
2026-02-09,1384270166683478,6941085525152,VID17-魔王阵容-Vincent-韩语,16.36,1043,24,168.0,127.0,4.0
2026-02-09,1384270166683478,6941085525352,VID16-阵容组合-Abbey-韩语,10.32,878,19,198.0,147.0,3.0
2026-02-09,1384270166683478,6941085525552,VID15-卡牌滚动-Abbey-韩语,12.08,815,20,165.0,130.0,4.0
2026-02-09,1384270166683478,6941085952352,PIC23-合成犀牛-Vincent-韩语,3.3,241,4,0.0,0.0,0.0
2026-02-09,1384270166683478,6941085952552,PIC21-合成火法师-Vincent-韩语,1.46,260,2,0.0,0.0,1.0
2026-02-09,1384270166683478,6941085952752,PIC20-合成厨师长-Vincent-韩语,5.1,480,4,0.0,0.0,0.0
2026-02-09,1384270166683478,6941085952952,PIC19-合成修理师-Vincent-韩语,19.01,1723,21,0.0,0.0,1.0
2026-02-09,1384270166683478,6941085953152,PIC18-合成加特林-Vincent-韩语,34.82,3181,52,0.0,0.0,1.0
2026-02-09,1384270166683478,6941085953352,PIC22-合成蛇女-Vincent-韩语,1.7,519,2,0.0,0.0,1.0
2026-02-09,1384270166683478,6941086287352,PIC23-合成犀牛-Vincent-繁中,11.98,657,23,0.0,0.0,0.0
2026-02-09,1384270166683478,6941086287752,PIC21-合成火法师-Vincent-繁中,11.42,701,22,0.0,0.0,0.0
2026-02-09,1384270166683478,6941086287952,PIC20-合成厨师长-Vincent-繁中,1.76,164,2,0.0,0.0,0.0
2026-02-09,1384270166683478,6941086288152,PIC22-合成蛇女-Vincent-繁中,7.22,254,9,0.0,0.0,0.0
2026-02-09,1384270166683478,6941086288352,PIC18-合成加特林-Vincent-繁中,27.17,1783,59,0.0,0.0,0.0
2026-02-09,1384270166683478,6941086288552,PIC19-合成修理师-Vincent-繁中,23.34,1809,41,0.0,0.0,1.0
2026-02-09,1384270166683478,6941086622552,VID10-选择英雄+战斗-Vincent,19.75,1632,25,167.0,130.0,3.0
2026-02-09,1384270166683478,6941086622752,VID26-魔族失败胜利-Vincent-繁中,2.56,159,2,18.0,14.0,6.0
2026-02-09,1384270166683478,6941086622952,VID24-DMG战斗2-Vincent-繁中,8.85,515,7,67.0,56.0,4.0
2026-02-09,1384270166683478,6941086623152,VID06-LUDUS战斗-Vincent,9.32,683,13,129.0,99.0,4.0
2026-02-10,1384270166683478,6931592749952,PIC05-合成祭司-Vincent-韩语,200.64,22938,375,5.0,0.0,1.0
2026-02-10,1384270166683478,6931593311552,PIC08-升级进化-Vincent-韩语,47.42,8632,133,1.0,0.0,1.0
2026-02-10,1384270166683478,6931593368752,PIC04-合成场景版-Vincent-韩语,10.82,1300,20,0.0,0.0,0.0
2026-02-10,1384270166683478,6939191252952,PIC16-4级蛇女-Vincent-韩语,153.55,22313,329,0.0,0.0,1.0
2026-02-10,1384270166683478,6939191253152,PIC17-4级巫妖-Vincent-韩语,80.46,12634,141,0.0,0.0,0.0
2026-02-10,1384270166683478,6939192111152,PIC22-合成蛇女-Vincent-韩语,1.06,188,2,0.0,0.0,0.0
2026-02-10,1384270166683478,6939192111552,PIC18-合成加特林-Vincent-韩语,118.71,19357,215,7.0,2.0,1.0
2026-02-10,1384270166683478,6939192111752,PIC19-合成修理师-Vincent-韩语,22.38,2779,48,3.0,1.0,3.0
2026-02-10,1384270166683478,6939192112152,PIC21-合成火法师-Vincent-韩语,2.0,202,5,0.0,0.0,1.0
2026-02-10,1384270166683478,6939192224152,PIC23-合成犀牛-Vincent-韩语,0.71,63,0,0.0,0.0,0.0
2026-02-10,1384270166683478,6939193162952,VID18-角色展示轮播-Vincent-韩语,140.16,9914,233,1238.0,714.0,3.0
2026-02-10,1384270166683478,6939193504352,VID11-合成角色展示-Vincent-韩语,214.02,13649,488,5099.0,4585.0,8.0
2026-02-10,1384270166683478,6939210113952,PIC22-合成蛇女-Vincent-繁中,1.06,373,3,0.0,0.0,0.0
2026-02-10,1384270166683478,6939210114152,PIC18-合成加特林-Vincent-繁中,25.07,3392,57,1.0,0.0,2.0
2026-02-10,1384270166683478,6939210114752,PIC21-合成火法师-Vincent-繁中,72.19,11012,232,0.0,0.0,1.0
2026-02-10,1384270166683478,6939216113152,PIC08-升级进化-Vincent-繁中,15.91,2983,32,0.0,0.0,0.0
2026-02-10,1384270166683478,6939220725352,VID24-DMG战斗2-Vincent-繁中,0.37,60,0,2.0,0.0,1.0
2026-02-10,1384270166683478,6939220725752,VID26-魔族失败胜利-Vincent-繁中,38.61,3549,31,209.0,148.0,3.0
2026-02-10,1384270166683478,6939743275152,VID25-合成合成合成-Vincent-繁中,19.51,2103,26,366.0,238.0,8.0
2026-02-10,1384270166683478,6939743275552,VID22-选择+闯关-Vincent-繁中,69.95,6282,108,1127.0,1014.0,6.0
2026-02-10,1384270166683478,6939853826152,PIC五图05-韩语,26.72,1833,27,10.0,8.0,2.0
2026-02-10,1384270166683478,6939853826352,PIC五图01-韩语,255.81,22043,535,1.0,1.0,2.0
2026-02-10,1384270166683478,6939856067152,PIC五图01-繁中,85.48,9303,220,0.0,0.0,0.0
2026-02-10,1384270166683478,6939858185152,PIC五图05-繁中,12.76,1769,21,4.0,2.0,1.0
2026-02-10,1384270166683478,6939860601752,PIC五图06-韩语,3.62,268,3,0.0,0.0,1.0
2026-02-10,1384270166683478,6941085524752,VID11-合成角色展示-Vincent-韩语,140.14,10221,242,2172.0,1860.0,5.0
2026-02-10,1384270166683478,6941352859352,PIC35-横版海报-Vincent-通用,112.31,9852,188,6.0,3.0,1.0
2026-02-10,1384270166683478,6941352867552,PIC34-神族阵容-Vincent-韩语,31.09,2094,46,18.0,16.0,3.0
2026-02-10,1384270166683478,6941353017152,PIC34-神族阵容-Vincent-繁中,17.13,1149,42,3.0,0.0,1.0
2026-02-10,1384270166683478,6941353167752,PIC35-横版海报-Vincent-通用,20.09,2072,66,0.0,0.0,1.0
2026-02-10,1384270166683478,6941353952352,PIC21-合成火法师-Vincent-繁中,39.49,5632,91,0.0,0.0,1.0
2026-02-10,1384270166683478,6941353952552,PIC18-合成加特林-Vincent-繁中,20.34,2344,44,0.0,0.0,1.0
2026-02-10,1384270166683478,6941353952752,PIC22-合成蛇女-Vincent-繁中,2.34,735,8,0.0,0.0,0.0
2026-02-10,1384270166683478,6941395932352,PIC22-合成蛇女-Vincent-繁中,2.48,504,3,0.0,0.0,0.0
2026-02-10,1384270166683478,6941395932552,PIC18-合成加特林-Vincent-繁中,31.08,9118,79,0.0,0.0,0.0
2026-02-10,1384270166683478,6941395932752,PIC21-合成火法师-Vincent-繁中,42.83,11848,77,0.0,0.0,0.0
2026-02-10,1384270166683478,6941413175352,PIC18-合成加特林-Vincent-繁中,10.22,1104,19,0.0,0.0,0.0
2026-02-10,1384270166683478,6941413175552,PIC16-4级蛇女-Vincent-繁中,6.24,848,11,0.0,0.0,1.0
2026-02-10,1384270166683478,6941413175752,PIC13-4级厨师长-Vincent-繁中,17.47,2305,35,6.0,2.0,2.0
2026-02-10,1384270166683478,6941413175952,PIC17-4级巫妖-Vincent-繁中,9.44,930,16,2.0,1.0,3.0
2026-02-10,1384270166683478,6941413176152,PIC14-4级佛耶哥-Vincent-繁中,5.88,966,4,0.0,0.0,0.0
2026-02-10,1384270166683478,6941413176352,PIC33-魔族阵容-Vincent-繁中,4.32,347,13,1.0,1.0,30.0
2026-02-10,1384270166683478,6941413176552,PIC32-机械族阵容-Vincent-繁中,7.12,434,10,1.0,0.0,1.0
2026-02-10,1384270166683478,6941413176752,PIC34-神族阵容-Vincent-繁中,18.29,1345,40,1.0,0.0,1.0
2026-02-10,1384270166683478,6941413176952,PIC30-世界观2-Vincent-繁中,2.71,334,4,0.0,0.0,0.0
2026-02-10,1384270166683478,6941413177152,PIC29-世界观-Vincent-繁中,20.23,1463,37,0.0,0.0,0.0
2026-02-10,1384270166683478,6941413177352,PIC20-合成厨师长-Vincent-繁中,0.18,71,0,0.0,0.0,0.0
2026-02-10,1384270166683478,6941413177552,PIC23-合成犀牛-Vincent-繁中,10.56,721,11,0.0,0.0,1.0
2026-02-10,1384270166683478,6941413177952,PIC22-合成蛇女-Vincent-繁中,0.1,17,3,0.0,0.0,0.0
2026-02-10,1384270166683478,6941413178352,PIC19-合成修理师-Vincent-繁中,12.61,1260,25,0.0,0.0,0.0
2026-02-10,1384270166683478,6941413178552,PIC21-合成火法师-Vincent-繁中,23.27,3365,36,0.0,0.0,1.0
2026-02-10,1384270166683478,6941413180352,PIC34-神族阵容-Vincent-繁中,14.89,1035,25,3.0,3.0,2.0
2026-02-10,1384270166683478,6941413180552,PIC08-升级进化-Vincent-繁中,0.68,134,3,0.0,0.0,0.0
2026-02-10,1384270166683478,6941413180752,PIC11-战斗PVE-Vincent-繁中,10.24,809,15,0.0,0.0,0.0
2026-02-10,1384270166683478,6941413180952,PIC06-立绘卡牌展示-Vincent-繁中,13.71,1736,19,0.0,0.0,1.0
2026-02-10,1384270166683478,6941413181152,PIC04-合成场景版-Vincent-繁中,2.1,506,5,0.0,0.0,0.0
2026-02-10,1384270166683478,6941413182352,PIC五图05-繁中,1.47,141,1,0.0,0.0,1.0
2026-02-10,1384270166683478,6941413182552,PIC35-横版海报-Vincent-通用,24.21,2822,71,0.0,0.0,1.0
2026-02-10,1384270166683478,6941413182752,PIC五图01-繁中,29.31,3137,65,0.0,0.0,0.0
2026-02-10,1384270166683478,6941413182952,PIC五图06-繁中,5.85,416,12,0.0,0.0,0.0
2026-02-10,1384270166683478,6941413183152,PIC五图04-繁中,2.63,474,6,0.0,0.0,1.0
2026-02-10,1384270166683478,6941413183352,PIC五图03-繁中,25.95,1891,48,0.0,0.0,1.0
2026-02-10,1384270166683478,6941413183552,PIC五图02-繁中,0.76,61,0,0.0,0.0,0.0
2026-02-10,1384270166683478,6941413183752,PIC21-合成火法师-Vincent-繁中,30.55,3813,64,0.0,0.0,1.0
2026-02-10,1384270166683478,6941413183952,PIC18-合成加特林-Vincent-繁中,20.31,2308,34,0.0,0.0,0.0
2026-02-10,1384270166683478,6941413184152,PIC22-合成蛇女-Vincent-繁中,10.84,887,20,0.0,0.0,0.0
2026-02-10,1384270166683478,6941413184352,PIC15-4级巨魔-Vincent-繁中,26.02,3611,36,13.0,2.0,1.0
2026-02-10,1384270166683478,6941418669152,VID26-魔族失败胜利-Vincent-繁中,1.36,98,3,28.0,21.0,7.0
2026-02-10,1384270166683478,6941418669352,VID24-DMG战斗2-Vincent-繁中,6.75,532,3,82.0,62.0,5.0
2026-02-10,1384270166683478,6941418669552,VID06-LUDUS战斗-Vincent,15.51,1373,24,176.0,125.0,3.0
2026-02-10,1384270166683478,6941418669752,VID10-选择英雄+战斗-Vincent,29.43,3831,25,303.0,241.0,3.0
2026-02-10,1384270166683478,6941442663752,VID22-选择+闯关-Vincent-繁中,10.55,626,12,81.0,75.0,4.0
2026-02-10,1384270166683478,6941442663952,VID10-选择英雄+战斗-Vincent,29.38,2881,22,349.0,285.0,4.0
2026-02-10,1384270166683478,6941442664152,VID21-神族战斗-Vincent-繁中,19.08,1631,13,143.0,119.0,3.0
2026-02-10,1384270166683478,6941442664352,VID24-DMG战斗2-Vincent-繁中,36.3,4397,35,336.0,247.0,3.0
2026-02-10,1384270166683478,6941443781152,PIC19-合成修理师-Vincent-繁中,31.92,3317,49,0.0,0.0,0.0
2026-02-10,1384270166683478,6941443781352,PIC06-立绘卡牌展示-Vincent-繁中,16.83,1342,22,0.0,0.0,0.0
2026-02-10,1384270166683478,6941443781752,PIC04-合成场景版-Vincent-繁中,6.91,786,8,0.0,0.0,0.0
2026-02-10,1384270166683478,6941443781952,PIC32-机械族阵容-Vincent-繁中,32.44,2397,50,2.0,1.0,2.0
2026-02-09,2394784647636894,6970072322180,PIC23-合成犀牛-Vincent-英语,32.91,2912,45,0.0,0.0,1.0
2026-02-09,2394784647636894,6970072322380,PIC21-合成火法师-Vincent-英语,241.32,18760,270,1.0,0.0,2.0
2026-02-09,2394784647636894,6970072322580,PIC18-合成加特林-Vincent-英语,90.13,6090,100,1.0,0.0,2.0
2026-02-09,2394784647636894,6970072323780,PIC19-合成修理师-Vincent-英语,18.12,2656,36,0.0,0.0,0.0
2026-02-09,2394784647636894,6970160770180,PIC五图01-英语,135.09,10402,225,0.0,0.0,1.0
2026-02-09,2394784647636894,6970160770380,VID22-选择+闯关-Vincent-英语,19.85,781,23,256.0,248.0,13.0
2026-02-09,2394784647636894,6970160770580,VID11-合成角色展示-Vincent-通用,76.95,2704,100,1065.0,987.0,10.0
2026-02-09,2394784647636894,6970282527780,VID11-合成角色展示-Vincent-通用,93.19,3522,112,1240.0,1118.0,8.0
2026-02-09,2394784647636894,6970282527980,VID22-选择+闯关-Vincent-英语,36.62,1366,30,303.0,284.0,7.0
2026-02-09,2394784647636894,6970323092180,PIC34-神族阵容-Vincent-英语,17.77,998,28,1.0,0.0,2.0
2026-02-10,2394784647636894,6970072322180,PIC23-合成犀牛-Vincent-英语,26.64,2498,36,0.0,0.0,0.0
2026-02-10,2394784647636894,6970072322380,PIC21-合成火法师-Vincent-英语,138.78,12076,263,1.0,1.0,8.0
2026-02-10,2394784647636894,6970160770180,PIC五图01-英语,35.71,3231,64,0.0,0.0,1.0
2026-02-10,2394784647636894,6970160770380,VID22-选择+闯关-Vincent-英语,3.39,150,3,63.0,62.0,18.0
2026-02-10,2394784647636894,6970160770580,VID11-合成角色展示-Vincent-通用,27.95,1193,38,550.0,500.0,10.0
2026-02-10,2394784647636894,6970282527780,VID11-合成角色展示-Vincent-通用,121.01,5074,153,2040.0,1831.0,8.0
2026-02-10,2394784647636894,6970282527980,VID22-选择+闯关-Vincent-英语,20.35,631,24,359.0,354.0,16.0
2026-02-10,2394784647636894,6970323092180,PIC34-神族阵容-Vincent-英语,53.6,3500,88,0.0,0.0,0.0
