day,os_name,country,events,campaign_id,creative_id_network,creative_network,account_id,ad_id,ad_name,spend,installs,revenue,impressions_adjust,clicks_adjust,impressions,clicks,视频播放进度25%次数,视频播放进度50%次数,视频平均播放时长,match_prio
2026/2/10,android,US,0,120238607155630510,120239422701220510,PIC五图03-英语,1379725066317604,120239422701220510,PIC五图03-英语,7.1,0,0,790,9,790,9,0,0,1,1
2026/2/10,android,US,0,120238607155630510,120239422701190510,PIC五图05-英语,1379725066317604,120239422701190510,PIC五图05-英语,0.84,0,0,310,0,310,0,0,0,1,1
2026/2/10,android,US,0,120238607155630510,120239423540220510,PIC五图06-英语,1379725066317604,120239423540220510,PIC五图06-英语,20.45,0,0,2986,23,2986,23,3,2,3,1
2026/2/10,android,US,0,120238648236360510,120239358530980510,VID16-阵容组合-Abbey-英语,1379725066317604,120239358530980510,VID16-阵容组合-Abbey-英语,11.1,0,0,402,12,402,12,70,43,4,1
2026/2/10,android,US,0,120238648236360510,120239358530950510,VID19-角色展示轮播2-Vincent-英语,1379725066317604,120239358530950510,VID19-角色展示轮播2-Vincent-英语,100.02,0,0,4601,96,4601,96,788,515,3,1
2026/2/10,android,US,0,120238648236360510,120239358530960510,VID22-选择+闯关-Vincent-英语,1379725066317604,120239358530960510,VID22-选择+闯关-Vincent-英语,57.86,0,0,2560,64,2560,64,536,492,10,1
2026/2/10,android,US,0,120238648236360510,120239504948630510,VID26-魔族失败胜利-Vincent-英语,1379725066317604,120239504948630510,VID26-魔族失败胜利-Vincent-英语,38.8,0,0,2145,29,2145,29,119,78,3,1
2026/2/10,android,US,0,6970072321780,6970072322380,PIC21-合成火法师-Vincent-英语,2394784647636894,6970072322380,PIC21-合成火法师-Vincent-英语,138.78,0,0,12076,263,12076,263,1,1,8,1
2026/2/10,android,US,0,6970072321780,6970072322180,PIC23-合成犀牛-Vincent-英语,2394784647636894,6970072322180,PIC23-合成犀牛-Vincent-英语,26.64,0,0,2498,36,2498,36,0,0,0,1
2026/2/10,android,US,0,6970072321780,6970323092180,PIC34-神族阵容-Vincent-英语,2394784647636894,6970323092180,PIC34-神族阵容-Vincent-英语,53.6,0,0,3500,88,3500,88,0,0,0,1
2026/2/10,android,US,0,6970072321780,6970160770180,PIC五图01-英语,2394784647636894,6970160770180,PIC五图01-英语,35.71,0,0,3231,64,3231,64,0,0,1,1
2026/2/10,android,US,0,6970072321780,6970160770580,VID11-合成角色展示-Vincent-通用,2394784647636894,6970160770580,VID11-合成角色展示-Vincent-通用,27.95,0,0,1193,38,1193,38,550,500,10,1
2026/2/10,android,US,0,6970072321780,6970282527780,VID11-合成角色展示-Vincent-通用,2394784647636894,6970282527780,VID11-合成角色展示-Vincent-通用,121.01,0,0,5074,153,5074,153,2040,1831,8,1
2026/2/10,android,US,0,6970072321780,6970160770380,VID22-选择+闯关-Vincent-英语,2394784647636894,6970160770380,VID22-选择+闯关-Vincent-英语,3.39,0,0,150,3,150,3,63,62,18,1
2026/2/10,android,TW,0,6941413175152,6941413175352,PIC18-合成加特林-Vincent-繁中,1384270166683478,6941413175352,PIC18-合成加特林-Vincent-繁中,10.22,0,0,1104,19,1104,19,0,0,0,1
2026/2/10,android,TW,0,6941413175152,6941413182752,PIC五图01-繁中,1384270166683478,6941413182752,PIC五图01-繁中,29.31,0,0,3137,65,3137,65,0,0,0,1
2026/2/10,android,TW,0,6941413175152,6941413183952,PIC18-合成加特林-Vincent-繁中,1384270166683478,6941413183952,PIC18-合成加特林-Vincent-繁中,20.31,0,0,2308,34,2308,34,0,0,0,1
2026/2/10,android,TW,0,6941413175152,6941413178352,PIC19-合成修理师-Vincent-繁中,1384270166683478,6941413178352,PIC19-合成修理师-Vincent-繁中,12.61,0,0,1260,25,1260,25,0,0,0,1
2026/2/10,android,TW,0,6941413175152,6941413177352,PIC20-合成厨师长-Vincent-繁中,1384270166683478,6941413177352,PIC20-合成厨师长-Vincent-繁中,0.18,0,0,71,0,71,0,0,0,0,1
2026/2/10,android,TW,0,6941413175152,6941413178552,PIC21-合成火法师-Vincent-繁中,1384270166683478,6941413178552,PIC21-合成火法师-Vincent-繁中,23.27,0,0,3365,36,3365,36,0,0,1,1
2026/2/10,android,TW,0,6941413175152,6941413183752,PIC21-合成火法师-Vincent-繁中,1384270166683478,6941413183752,PIC21-合成火法师-Vincent-繁中,30.55,0,0,3813,64,3813,64,0,0,1,1
2026/2/10,android,TW,0,6941413175152,6941413177952,PIC22-合成蛇女-Vincent-繁中,1384270166683478,6941413177952,PIC22-合成蛇女-Vincent-繁中,0.1,0,0,17,3,17,3,0,0,0,1
2026/2/10,android,TW,0,6941413175152,6941413184152,PIC22-合成蛇女-Vincent-繁中,1384270166683478,6941413184152,PIC22-合成蛇女-Vincent-繁中,10.84,0,0,887,20,887,20,0,0,0,1
2026/2/10,android,TW,0,6941413175152,6941413177552,PIC23-合成犀牛-Vincent-繁中,1384270166683478,6941413177552,PIC23-合成犀牛-Vincent-繁中,10.56,0,0,721,11,721,11,0,0,1,1
2026/2/10,android,TW,0,6941413175152,6941413177152,PIC29-世界观-Vincent-繁中,1384270166683478,6941413177152,PIC29-世界观-Vincent-繁中,20.23,0,0,1463,37,1463,37,0,0,0,1
2026/2/10,android,TW,0,6941413175152,6941413176952,PIC30-世界观2-Vincent-繁中,1384270166683478,6941413176952,PIC30-世界观2-Vincent-繁中,2.71,0,0,334,4,334,4,0,0,0,1
2026/2/10,android,TW,0,6941413175152,6941413176552,PIC32-机械族阵容-Vincent-繁中,1384270166683478,6941413176552,PIC32-机械族阵容-Vincent-繁中,7.12,0,0,434,10,434,10,1,0,1,1
2026/2/10,android,TW,0,6941413175152,6941413176352,PIC33-魔族阵容-Vincent-繁中,1384270166683478,6941413176352,PIC33-魔族阵容-Vincent-繁中,4.32,0,0,347,13,347,13,1,1,30,1
2026/2/10,android,TW,0,6941413175152,6941413176752,PIC34-神族阵容-Vincent-繁中,1384270166683478,6941413176752,PIC34-神族阵容-Vincent-繁中,18.29,0,0,1345,40,1345,40,1,0,1,1
2026/2/10,android,TW,0,6941413175152,6941413180352,PIC34-神族阵容-Vincent-繁中,1384270166683478,6941413180352,PIC34-神族阵容-Vincent-繁中,14.89,0,0,1035,25,1035,25,3,3,2,1
2026/2/10,android,TW,0,6941413175152,6941413182552,PIC35-横版海报-Vincent-通用,1384270166683478,6941413182552,PIC35-横版海报-Vincent-通用,24.21,0,0,2822,71,2822,71,0,0,1,1
2026/2/10,android,TW,0,120240257805260572,120241501180420572,PIC18-合成加特林-Vincent-繁中,898128255870755,120241501180420572,PIC18-合成加特林-Vincent-繁中,32.07,0,0,3125,35,3125,35,1,0,1,1
2026/2/9,android,,0,,unknown,unknown,,,,0,17,0,0,0,0,0,0,0,0,1
2026/2/11,android,BR,0,120239366594720510,120239423107460510,PIC五图04-英语,,,,0,15,0,0,0,0,0,0,0,0,1
2026/2/10,android,BR,0,120239366394730510,120239531552720510,VID24-DMG战斗2-Vincent-通用,,,,0,13,0,0,0,0,0,0,0,0,1
2026/2/10,android,TW,0,120240257805260572,120240257912910572,PIC19-合成修理师-Vincent-繁中,898128255870755,120240257912910572,PIC19-合成修理师-Vincent-繁中,56.72,0,0,6068,86,6068,86,0,0,0,1
2026/2/10,android,TW,0,120240257805260572,120240257805270572,PIC30-世界观2-Vincent-繁中,898128255870755,120240257805270572,PIC30-世界观2-Vincent-繁中,19.09,0,0,2945,41,2945,41,13,9,2,1
2026/2/10,android,TW,0,120240257805260572,120241465869800572,PIC五图01-繁中,898128255870755,120241465869800572,PIC五图01-繁中,27.03,0,0,2670,57,2670,57,0,0,1,1
2026/2/10,android,TW,0,120240257805260572,120241501180390572,PIC五图01-繁中,898128255870755,120241501180390572,PIC五图01-繁中,17.76,0,0,2101,29,2101,29,0,0,0,1
2026/2/10,android,TW,0,120240257805260572,120241473277760572,PIC五图05-繁中,898128255870755,120241473277760572,PIC五图05-繁中,1.69,0,0,472,4,472,4,1,1,3,1
2026/2/10,android,TW,0,120240257805260572,120241465869840572,VID10-选择英雄+战斗-Vincent,898128255870755,120241465869840572,VID10-选择英雄+战斗-Vincent,46.18,0,0,5916,55,5916,55,593,473,4,1
2026/2/10,android,TW,0,6941413175152,6941413181152,PIC04-合成场景版-Vincent-繁中,1384270166683478,6941413181152,PIC04-合成场景版-Vincent-繁中,2.1,0,0,506,5,506,5,0,0,0,1
2026/2/10,android,TW,0,6941413175152,6941413180952,PIC06-立绘卡牌展示-Vincent-繁中,1384270166683478,6941413180952,PIC06-立绘卡牌展示-Vincent-繁中,13.71,0,0,1736,19,1736,19,0,0,1,1
2026/2/10,android,TW,0,6941413175152,6941413180552,PIC08-升级进化-Vincent-繁中,1384270166683478,6941413180552,PIC08-升级进化-Vincent-繁中,0.68,0,0,134,3,134,3,0,0,0,1
2026/2/10,android,TW,0,6941413175152,6941413180752,PIC11-战斗PVE-Vincent-繁中,1384270166683478,6941413180752,PIC11-战斗PVE-Vincent-繁中,10.24,0,0,809,15,809,15,0,0,0,1
2026/2/10,android,TW,0,6941413175152,6941413175752,PIC13-4级厨师长-Vincent-繁中,1384270166683478,6941413175752,PIC13-4级厨师长-Vincent-繁中,17.47,0,0,2305,35,2305,35,6,2,2,1
2026/2/10,android,TW,0,6941413175152,6941413176152,PIC14-4级佛耶哥-Vincent-繁中,1384270166683478,6941413176152,PIC14-4级佛耶哥-Vincent-繁中,5.88,0,0,966,4,966,4,0,0,0,1
2026/2/10,android,TW,0,6941413175152,6941413184352,PIC15-4级巨魔-Vincent-繁中,1384270166683478,6941413184352,PIC15-4级巨魔-Vincent-繁中,26.02,0,0,3611,36,3611,36,13,2,1,1
2026/2/10,android,TW,0,6941413175152,6941413175552,PIC16-4级蛇女-Vincent-繁中,1384270166683478,6941413175552,PIC16-4级蛇女-Vincent-繁中,6.24,0,0,848,11,848,11,0,0,1,1
2026/2/10,android,TW,0,6941413175152,6941413175952,PIC17-4级巫妖-Vincent-繁中,1384270166683478,6941413175952,PIC17-4级巫妖-Vincent-繁中,9.44,0,0,930,16,930,16,2,1,3,1
2026/2/10,android,TW,0,6939195938352,6939856067152,PIC五图01-繁中,1384270166683478,6939856067152,PIC五图01-繁中,85.48,0,0,9303,220,9303,220,0,0,0,1
2026/2/10,android,TW,0,6939195938352,6939858185152,PIC五图05-繁中,1384270166683478,6939858185152,PIC五图05-繁中,12.76,0,0,1769,21,1769,21,4,2,1,1
2026/2/10,android,TW,0,6939217868352,6941443781752,PIC04-合成场景版-Vincent-繁中,1384270166683478,6941443781752,PIC04-合成场景版-Vincent-繁中,6.91,0,0,786,8,786,8,0,0,0,1
2026/2/10,android,TW,0,6939217868352,6941443781352,PIC06-立绘卡牌展示-Vincent-繁中,1384270166683478,6941443781352,PIC06-立绘卡牌展示-Vincent-繁中,16.83,0,0,1342,22,1342,22,0,0,0,1
2026/2/10,android,TW,0,6939217868352,6941443781152,PIC19-合成修理师-Vincent-繁中,1384270166683478,6941443781152,PIC19-合成修理师-Vincent-繁中,31.92,0,0,3317,49,3317,49,0,0,0,1
2026/2/10,android,TW,0,6939217868352,6941443781952,PIC32-机械族阵容-Vincent-繁中,1384270166683478,6941443781952,PIC32-机械族阵容-Vincent-繁中,32.44,0,0,2397,50,2397,50,2,1,2,1
2026/2/10,android,TW,0,6939217868352,6941442663952,VID10-选择英雄+战斗-Vincent,1384270166683478,6941442663952,VID10-选择英雄+战斗-Vincent,29.38,0,0,2881,22,2881,22,349,285,4,1
2026/2/10,android,TW,0,6939217868352,6941442664152,VID21-神族战斗-Vincent-繁中,1384270166683478,6941442664152,VID21-神族战斗-Vincent-繁中,19.08,0,0,1631,13,1631,13,143,119,3,1
2026/2/10,android,TW,0,6939217868352,6939743275552,VID22-选择+闯关-Vincent-繁中,1384270166683478,6939743275552,VID22-选择+闯关-Vincent-繁中,69.95,0,0,6282,108,6282,108,1127,1014,6,1
2026/2/10,android,TW,0,6939217868352,6941442663752,VID22-选择+闯关-Vincent-繁中,1384270166683478,6941442663752,VID22-选择+闯关-Vincent-繁中,10.55,0,0,626,12,626,12,81,75,4,1
2026/2/10,android,TW,0,6939217868352,6939220725352,VID24-DMG战斗2-Vincent-繁中,1384270166683478,6939220725352,VID24-DMG战斗2-Vincent-繁中,0.37,0,0,60,0,60,0,2,0,1,1
2026/2/10,android,TW,0,6939217868352,6941442664352,VID24-DMG战斗2-Vincent-繁中,1384270166683478,6941442664352,VID24-DMG战斗2-Vincent-繁中,36.3,0,0,4397,35,4397,35,336,247,3,1
2026/2/10,android,TW,0,6939217868352,6939743275152,VID25-合成合成合成-Vincent-繁中,1384270166683478,6939743275152,VID25-合成合成合成-Vincent-繁中,19.51,0,0,2103,26,2103,26,366,238,8,1
2026/2/10,android,TW,0,6939217868352,6939220725752,VID26-魔族失败胜利-Vincent-繁中,1384270166683478,6939220725752,VID26-魔族失败胜利-Vincent-繁中,38.61,0,0,3549,31,3549,31,209,148,3,1
2026/2/10,android,TW,0,120240257805260572,120240257805250572,PIC04-合成场景版-Vincent-繁中,898128255870755,120240257805250572,PIC04-合成场景版-Vincent-繁中,29.24,0,0,4012,65,4012,65,0,0,0,1
2026/2/10,android,TW,0,120240257805260572,120241465869820572,PIC18-合成加特林-Vincent-繁中,898128255870755,120241465869820572,PIC18-合成加特林-Vincent-繁中,30.61,0,0,2976,71,2976,71,0,0,0,1
2026/2/10,android,KR,0,120241467475180572,120241467475140572,PIC五图05-韩语,898128255870755,120241467475140572,PIC五图05-韩语,9.37,0,0,701,11,701,11,5,4,1,1
2026/2/10,android,BR,0,120239366594720510,120239531590770510,PIC34-神族阵容-Vincent-英语,,,,0,10,0,0,0,0,0,0,0,0,1
2026/2/10,android,BR,0,120239366394730510,120239409035370510,VID25-合成合成合成-Vincent-英语,,,,0,9,0,0,0,0,0,0,0,0,1
2026/2/10,android,KR,0,120241467475180572,120241468014060572,VID11-合成角色展示-Vincent-韩语,898128255870755,120241468014060572,VID11-合成角色展示-Vincent-韩语,9.81,0,0,681,11,681,11,67,44,3,1
2026/2/10,android,KR,0,120241467475180572,120241468014200572,VID18-角色展示轮播-Vincent-韩语,898128255870755,120241468014200572,VID18-角色展示轮播-Vincent-韩语,88.27,0,0,5777,120,5777,120,666,424,2,1
2026/2/10,android,KR,0,120241467475180572,120241486368860572,VID24-DMG战斗2-Vincent-韩语,898128255870755,120241486368860572,VID24-DMG战斗2-Vincent-韩语,42.7,0,0,3385,44,3385,44,319,173,3,1
2026/2/10,android,TW,0,6939195938352,6939216113152,PIC08-升级进化-Vincent-繁中,1384270166683478,6939216113152,PIC08-升级进化-Vincent-繁中,15.91,0,0,2983,32,2983,32,0,0,0,1
2026/2/10,android,TW,0,6939195938352,6939210114152,PIC18-合成加特林-Vincent-繁中,1384270166683478,6939210114152,PIC18-合成加特林-Vincent-繁中,25.07,0,0,3392,57,3392,57,1,0,2,1
2026/2/10,android,TW,0,6939195938352,6941353952552,PIC18-合成加特林-Vincent-繁中,1384270166683478,6941353952552,PIC18-合成加特林-Vincent-繁中,20.34,0,0,2344,44,2344,44,0,0,1,1
2026/2/10,android,TW,0,6939195938352,6941395932552,PIC18-合成加特林-Vincent-繁中,1384270166683478,6941395932552,PIC18-合成加特林-Vincent-繁中,31.08,0,0,9118,79,9118,79,0,0,0,1
2026/2/10,android,TW,0,6939195938352,6939210114752,PIC21-合成火法师-Vincent-繁中,1384270166683478,6939210114752,PIC21-合成火法师-Vincent-繁中,72.19,0,0,11012,232,11012,232,0,0,1,1
2026/2/10,android,TW,0,6939195938352,6941353952352,PIC21-合成火法师-Vincent-繁中,1384270166683478,6941353952352,PIC21-合成火法师-Vincent-繁中,39.49,0,0,5632,91,5632,91,0,0,1,1
2026/2/10,android,TW,0,6939195938352,6941395932752,PIC21-合成火法师-Vincent-繁中,1384270166683478,6941395932752,PIC21-合成火法师-Vincent-繁中,42.83,0,0,11848,77,11848,77,0,0,0,1
2026/2/10,android,TW,0,6939195938352,6939210113952,PIC22-合成蛇女-Vincent-繁中,1384270166683478,6939210113952,PIC22-合成蛇女-Vincent-繁中,1.06,0,0,373,3,373,3,0,0,0,1
2026/2/10,android,TW,0,6939195938352,6941353952752,PIC22-合成蛇女-Vincent-繁中,1384270166683478,6941353952752,PIC22-合成蛇女-Vincent-繁中,2.34,0,0,735,8,735,8,0,0,0,1
2026/2/10,android,TW,0,6939195938352,6941395932352,PIC22-合成蛇女-Vincent-繁中,1384270166683478,6941395932352,PIC22-合成蛇女-Vincent-繁中,2.48,0,0,504,3,504,3,0,0,0,1
2026/2/10,android,TW,0,6939195938352,6941353017152,PIC34-神族阵容-Vincent-繁中,1384270166683478,6941353017152,PIC34-神族阵容-Vincent-繁中,17.13,0,0,1149,42,1149,42,3,0,1,1
2026/2/10,android,TW,0,6939195938352,6941353167752,PIC35-横版海报-Vincent-通用,1384270166683478,6941353167752,PIC35-横版海报-Vincent-通用,20.09,0,0,2072,66,2072,66,0,0,1,1
2026/2/10,android,KR,0,6931591409752,6939192111552,PIC18-合成加特林-Vincent-韩语,1384270166683478,6939192111552,PIC18-合成加特林-Vincent-韩语,118.71,0,0,19357,215,19357,215,7,2,1,1
2026/2/11,android,BR,0,120239366594720510,120239366594860510,PIC21-合成火法师-Vincent-英语,,,,0,9,0,0,0,0,0,0,0,0,1
2026/2/10,android,KR,0,6931591409752,6939192111752,PIC19-合成修理师-Vincent-韩语,1384270166683478,6939192111752,PIC19-合成修理师-Vincent-韩语,22.38,0,0,2779,48,2779,48,3,1,3,1
2026/2/10,android,KR,0,6931591409752,6939192112152,PIC21-合成火法师-Vincent-韩语,1384270166683478,6939192112152,PIC21-合成火法师-Vincent-韩语,2,0,0,202,5,202,5,0,0,1,1
2026/2/10,android,KR,0,6931591409752,6939192111152,PIC22-合成蛇女-Vincent-韩语,1384270166683478,6939192111152,PIC22-合成蛇女-Vincent-韩语,1.06,0,0,188,2,188,2,0,0,0,1
2026/2/10,android,KR,0,6931591409752,6939192224152,PIC23-合成犀牛-Vincent-韩语,1384270166683478,6939192224152,PIC23-合成犀牛-Vincent-韩语,0.71,0,0,63,0,63,0,0,0,0,1
2026/2/10,android,KR,0,6931591409752,6941352867552,PIC34-神族阵容-Vincent-韩语,1384270166683478,6941352867552,PIC34-神族阵容-Vincent-韩语,31.09,0,0,2094,46,2094,46,18,16,3,1
2026/2/10,android,KR,0,6931591409752,6941352859352,PIC35-横版海报-Vincent-通用,1384270166683478,6941352859352,PIC35-横版海报-Vincent-通用,112.31,0,0,9852,188,9852,188,6,3,1,1
2026/2/10,android,KR,0,6931591409752,6939853826352,PIC五图01-韩语,1384270166683478,6939853826352,PIC五图01-韩语,255.81,0,0,22043,535,22043,535,1,1,2,1
2026/2/10,android,KR,0,6931591409752,6939853826152,PIC五图05-韩语,1384270166683478,6939853826152,PIC五图05-韩语,26.72,0,0,1833,27,1833,27,10,8,2,1
2026/2/10,android,KR,0,6931591409752,6939860601752,PIC五图06-韩语,1384270166683478,6939860601752,PIC五图06-韩语,3.62,0,0,268,3,268,3,0,0,1,1
2026/2/10,android,KR,0,6931593682152,6939193504352,VID11-合成角色展示-Vincent-韩语,1384270166683478,6939193504352,VID11-合成角色展示-Vincent-韩语,214.02,0,0,13649,488,13649,488,5099,4585,8,1
2026/2/10,android,KR,0,6931593682152,6941085524752,VID11-合成角色展示-Vincent-韩语,1384270166683478,6941085524752,VID11-合成角色展示-Vincent-韩语,140.14,0,0,10221,242,10221,242,2172,1860,5,1
2026/2/10,android,KR,0,6931593682152,6939193162952,VID18-角色展示轮播-Vincent-韩语,1384270166683478,6939193162952,VID18-角色展示轮播-Vincent-韩语,140.16,0,0,9914,233,9914,233,1238,714,3,1
2026/2/10,android,KR,0,120241467475180572,120241486390100572,PIC05-合成祭司-Vincent-韩语,898128255870755,120241486390100572,PIC05-合成祭司-Vincent-韩语,55.41,0,0,3081,65,3081,65,0,0,0,1
2026/2/10,android,KR,0,120241467475180572,120241467574950572,PIC16-4级蛇女-Vincent-韩语,898128255870755,120241467574950572,PIC16-4级蛇女-Vincent-韩语,6.03,0,0,641,11,641,11,0,0,0,1
2026/2/10,android,KR,0,120241467475180572,120241467560440572,PIC五图01-韩语,898128255870755,120241467560440572,PIC五图01-韩语,61.52,0,0,4608,102,4608,102,1,0,1,1
2026/2/9,android,US,0,6970072321780,6970282527980,VID22-选择+闯关-Vincent-英语,2394784647636894,6970282527980,VID22-选择+闯关-Vincent-英语,36.62,0,0,1366,30,1366,30,303,284,7,1
2026/2/10,android,BR,0,120239366594720510,120239366594730510,PIC17-4级巫妖-Vincent-英语,,,,0,8,0,0,0,0,0,0,0,0,1
2026/2/10,android,,0,,unknown,unknown,,,,0,8,0,0,0,0,0,0,0,0,1
2026/2/11,android,BR,0,120239366394730510,120239409035370510,VID25-合成合成合成-Vincent-英语,,,,0,8,0,0,0,0,0,0,0,0,1
2026/2/3,android,,0,,unknown,unknown,,,,0,7,0,0,0,0,0,0,0,0,1
2026/2/10,android,BR,0,120239366594720510,120239366594850510,PIC20-合成厨师长-Vincent-英语,1379725066317604,120239366594850510,PIC20-合成厨师长-Vincent-英语,0.06,0,0,32,1,32,1,0,0,0,1
2026/2/10,android,BR,0,120239366594720510,120239366594860510,PIC21-合成火法师-Vincent-英语,1379725066317604,120239366594860510,PIC21-合成火法师-Vincent-英语,0.23,0,0,290,3,290,3,0,0,0,1
2026/2/10,android,BR,0,120239366594720510,120239366594870510,PIC22-合成蛇女-Vincent-英语,1379725066317604,120239366594870510,PIC22-合成蛇女-Vincent-英语,0.02,0,0,3,1,3,1,0,0,0,1
2026/2/10,android,BR,0,120239366594720510,120239366594880510,PIC23-合成犀牛-Vincent-英语,1379725066317604,120239366594880510,PIC23-合成犀牛-Vincent-英语,0.02,0,0,12,0,12,0,0,0,0,1
2026/2/10,android,BR,0,120239366594720510,120239366594800510,PIC32-机械族阵容-Vincent-英语,1379725066317604,120239366594800510,PIC32-机械族阵容-Vincent-英语,0.02,0,0,15,0,15,0,0,0,1,1
2026/2/10,android,BR,0,120239366594720510,120239366594810510,PIC33-魔族阵容-Vincent-英语,1379725066317604,120239366594810510,PIC33-魔族阵容-Vincent-英语,0.07,0,0,36,0,36,0,0,0,0,1
2026/2/10,android,BR,0,120239366594720510,120239366594740510,PIC34-神族阵容-Vincent-英语,1379725066317604,120239366594740510,PIC34-神族阵容-Vincent-英语,0.07,0,0,32,1,32,1,0,0,0,1
2026/2/10,android,BR,0,120239366594720510,120239423107430510,PIC五图02-英语,1379725066317604,120239423107430510,PIC五图02-英语,0,0,0,2,0,2,0,0,0,1,1
2026/2/10,android,BR,0,120239366594720510,120239423107460510,PIC五图04-英语,1379725066317604,120239423107460510,PIC五图04-英语,0.47,0,0,428,13,428,13,0,0,1,1
2026/2/10,android,BR,0,120239366594720510,120239423107450510,PIC五图05-英语,1379725066317604,120239423107450510,PIC五图05-英语,0.01,0,0,1,0,1,0,0,0,0,1
2026/2/10,android,KR,0,6931591409752,6931593368752,PIC04-合成场景版-Vincent-韩语,1384270166683478,6931593368752,PIC04-合成场景版-Vincent-韩语,10.82,0,0,1300,20,1300,20,0,0,0,1
2026/2/10,android,KR,0,6931591409752,6931592749952,PIC05-合成祭司-Vincent-韩语,1384270166683478,6931592749952,PIC05-合成祭司-Vincent-韩语,200.64,0,0,22938,375,22938,375,5,0,1,1
2026/2/10,android,KR,0,6931591409752,6931593311552,PIC08-升级进化-Vincent-韩语,1384270166683478,6931593311552,PIC08-升级进化-Vincent-韩语,47.42,0,0,8632,133,8632,133,1,0,1,1
2026/2/10,android,KR,0,6931591409752,6939191252952,PIC16-4级蛇女-Vincent-韩语,1384270166683478,6939191252952,PIC16-4级蛇女-Vincent-韩语,153.55,0,0,22313,329,22313,329,0,0,1,1
2026/2/10,android,KR,0,6931591409752,6939191253152,PIC17-4级巫妖-Vincent-韩语,1384270166683478,6939191253152,PIC17-4级巫妖-Vincent-韩语,80.46,0,0,12634,141,12634,141,0,0,0,1
2026/2/9,android,US,0,120238648236360510,120239408869020510,VID23-英雄升级战斗-Vincent-英语,1379725066317604,120239408869020510,VID23-英雄升级战斗-Vincent-英语,52.84,0,0,2365,55,2365,55,330,230,5,1
2026/2/9,android,US,0,120238648236360510,120239408869010510,VID25-合成合成合成-Vincent-英语,1379725066317604,120239408869010510,VID25-合成合成合成-Vincent-英语,0.01,0,0,2,0,2,0,0,0,2,1
2026/2/9,android,US,0,120238648236360510,120239504948630510,VID26-魔族失败胜利-Vincent-英语,1379725066317604,120239504948630510,VID26-魔族失败胜利-Vincent-英语,36.91,0,0,1810,33,1810,33,122,85,3,1
2026/2/9,android,US,0,120237593576510510,120237593576530510,PIC01-打造阵容-Vincent-英语,1379725066317604,120237593576530510,PIC01-打造阵容-Vincent-英语,27.12,0,0,2947,31,2947,31,2,4,4,1
2026/2/9,android,US,0,120237593576510510,120237596829780510,PIC04-合成场景版-Vincent-英语,1379725066317604,120237596829780510,PIC04-合成场景版-Vincent-英语,15.14,0,0,2480,5,2480,5,0,0,0,1
2026/2/9,android,US,0,120237593576510510,120237596851810510,PIC05-合成祭司-Vincent-英语,1379725066317604,120237596851810510,PIC05-合成祭司-Vincent-英语,27.42,0,0,3387,26,3387,26,0,0,1,1
2026/2/9,android,US,0,120237593576510510,120237659770240510,VID06-LUDUS战斗-Vincent,1379725066317604,120237659770240510,VID06-LUDUS战斗-Vincent,18.5,0,0,520,17,520,17,111,91,6,1
2026/2/9,android,US,0,6970072321780,6970072322580,PIC18-合成加特林-Vincent-英语,2394784647636894,6970072322580,PIC18-合成加特林-Vincent-英语,90.13,0,0,6090,100,6090,100,1,0,2,1
2026/2/9,android,US,0,6970072321780,6970072323780,PIC19-合成修理师-Vincent-英语,2394784647636894,6970072323780,PIC19-合成修理师-Vincent-英语,18.12,0,0,2656,36,2656,36,0,0,0,1
2026/2/9,android,US,0,6970072321780,6970072322380,PIC21-合成火法师-Vincent-英语,2394784647636894,6970072322380,PIC21-合成火法师-Vincent-英语,241.32,0,0,18760,270,18760,270,1,0,2,1
2026/2/9,android,US,0,6970072321780,6970072322180,PIC23-合成犀牛-Vincent-英语,2394784647636894,6970072322180,PIC23-合成犀牛-Vincent-英语,32.91,0,0,2912,45,2912,45,0,0,1,1
2026/2/9,android,US,0,6970072321780,6970323092180,PIC34-神族阵容-Vincent-英语,2394784647636894,6970323092180,PIC34-神族阵容-Vincent-英语,17.77,0,0,998,28,998,28,1,0,2,1
2026/2/9,android,US,0,6970072321780,6970160770180,PIC五图01-英语,2394784647636894,6970160770180,PIC五图01-英语,135.09,0,0,10402,225,10402,225,0,0,1,1
2026/2/9,android,US,0,6970072321780,6970160770580,VID11-合成角色展示-Vincent-通用,2394784647636894,6970160770580,VID11-合成角色展示-Vincent-通用,76.95,0,0,2704,100,2704,100,1065,987,10,1
2026/2/9,android,US,0,6970072321780,6970282527780,VID11-合成角色展示-Vincent-通用,2394784647636894,6970282527780,VID11-合成角色展示-Vincent-通用,93.19,0,0,3522,112,3522,112,1240,1118,8,1
2026/2/9,android,US,0,6970072321780,6970160770380,VID22-选择+闯关-Vincent-英语,2394784647636894,6970160770380,VID22-选择+闯关-Vincent-英语,19.85,0,0,781,23,781,23,256,248,13,1
2026/2/9,android,US,0,120238607155630510,120239357533130510,PIC30-世界观2-Vincent-英语,1379725066317604,120239357533130510,PIC30-世界观2-Vincent-英语,24.9,0,0,2289,27,2289,27,4,2,2,1
2026/2/10,android,US,0,120238607155630510,120239422701180510,PIC五图04-英语,,,,0,6,0,0,0,0,0,0,0,0,1
2026/2/9,android,US,0,120238607155630510,120239357533140510,PIC32-机械族阵容-Vincent-英语,1379725066317604,120239357533140510,PIC32-机械族阵容-Vincent-英语,1.57,0,0,479,1,479,1,0,0,0,1
2026/2/9,android,US,0,120238607155630510,120239357533150510,PIC33-魔族阵容-Vincent-英语,1379725066317604,120239357533150510,PIC33-魔族阵容-Vincent-英语,2.87,0,0,937,4,937,4,0,0,0,1
2026/2/9,android,US,0,120238607155630510,120239357533160510,PIC34-神族阵容-Vincent-英语,1379725066317604,120239357533160510,PIC34-神族阵容-Vincent-英语,15.66,0,0,2446,29,2446,29,0,0,0,1
2026/2/9,android,US,0,120238607155630510,120239422701200510,PIC五图01-英语,1379725066317604,120239422701200510,PIC五图01-英语,206.93,0,0,17901,360,17901,360,2,1,2,1
2026/2/9,android,US,0,120238607155630510,120239422701210510,PIC五图02-英语,1379725066317604,120239422701210510,PIC五图02-英语,7.72,0,0,1943,11,1943,11,5,2,3,1
2026/2/9,android,US,0,120238607155630510,120239422701220510,PIC五图03-英语,1379725066317604,120239422701220510,PIC五图03-英语,20.91,0,0,3988,21,3988,21,1,1,2,1
2026/2/9,android,US,0,120238607155630510,120239422701180510,PIC五图04-英语,1379725066317604,120239422701180510,PIC五图04-英语,61.34,0,0,6110,84,6110,84,5,4,1,1
2026/2/9,android,US,0,120238607155630510,120239422701190510,PIC五图05-英语,1379725066317604,120239422701190510,PIC五图05-英语,5.35,0,0,1453,4,1453,4,0,0,1,1
2026/2/9,android,US,0,120238607155630510,120239423540220510,PIC五图06-英语,1379725066317604,120239423540220510,PIC五图06-英语,89.06,0,0,7651,133,7651,133,10,4,3,1
2026/2/9,android,US,0,120238648236360510,120238648236390510,VID11-合成角色展示-Vincent-通用,1379725066317604,120238648236390510,VID11-合成角色展示-Vincent-通用,176.09,0,0,8952,184,8952,184,1146,915,4,1
2026/2/9,android,US,0,120238648236360510,120239358487270510,VID12-英雄展示1-Abbey-通用,1379725066317604,120239358487270510,VID12-英雄展示1-Abbey-通用,30.39,0,0,2174,26,2174,26,199,147,5,1
2026/2/9,android,US,0,120238648236360510,120239358530980510,VID16-阵容组合-Abbey-英语,1379725066317604,120239358530980510,VID16-阵容组合-Abbey-英语,26.81,0,0,947,21,947,21,188,113,3,1
2026/2/9,android,US,0,120238648236360510,120239408869050510,VID18-角色展示轮播-Vincent-英语,1379725066317604,120239408869050510,VID18-角色展示轮播-Vincent-英语,128.4,0,0,7166,112,7166,112,945,626,3,1
2026/2/9,android,US,0,120238648236360510,120239358520010510,VID20-角色升级-Vincent-英语,1379725066317604,120239358520010510,VID20-角色升级-Vincent-英语,0.91,0,0,70,0,70,0,5,4,3,1
2026/2/9,android,US,0,120238648236360510,120239358530960510,VID22-选择+闯关-Vincent-英语,1379725066317604,120239358530960510,VID22-选择+闯关-Vincent-英语,403.67,0,0,14757,367,14757,367,2521,2189,6,1
2026/2/9,android,US,0,120238607155630510,120238607155710510,PIC15-4级巨魔-Vincent-英语,1379725066317604,120238607155710510,PIC15-4级巨魔-Vincent-英语,14.5,0,0,2297,19,2297,19,0,0,1,1
2026/2/11,android,US,0,120238648236360510,120239358530960510,VID22-选择+闯关-Vincent-英语,,,,0,6,0,0,0,0,0,0,0,0,1
2026/2/12,android,BR,0,120239366594720510,120239366594860510,PIC21-合成火法师-Vincent-英语,,,,0,6,0,0,0,0,0,0,0,0,1
2026/2/9,android,US,0,120238607155630510,120238607155720510,PIC16-4级蛇女-Vincent-英语,1379725066317604,120238607155720510,PIC16-4级蛇女-Vincent-英语,3.17,0,0,964,3,964,3,0,0,0,1
2026/2/9,android,US,0,120238607155630510,120238607155730510,PIC17-4级巫妖-Vincent-英语,1379725066317604,120238607155730510,PIC17-4级巫妖-Vincent-英语,15.76,0,0,3042,29,3042,29,0,0,0,1
2026/2/9,android,US,0,120238607155630510,120239357471620510,PIC18-合成加特林-Vincent-英语,1379725066317604,120239357471620510,PIC18-合成加特林-Vincent-英语,72.15,0,0,6389,90,6389,90,0,0,0,1
2026/2/9,android,US,0,120238607155630510,120239528904090510,PIC18-合成加特林-Vincent-英语,1379725066317604,120239528904090510,PIC18-合成加特林-Vincent-英语,48.12,0,0,2772,37,2772,37,0,0,0,1
2026/2/9,android,US,0,120238607155630510,120239357471640510,PIC19-合成修理师-Vincent-英语,1379725066317604,120239357471640510,PIC19-合成修理师-Vincent-英语,171.43,0,0,17972,230,17972,230,0,0,1,1
2026/2/9,android,US,0,120238607155630510,120239528904140510,PIC19-合成修理师-Vincent-英语,1379725066317604,120239528904140510,PIC19-合成修理师-Vincent-英语,26.32,0,0,1676,23,1676,23,0,0,0,1
2026/2/9,android,US,0,120238607155630510,120239357471650510,PIC20-合成厨师长-Vincent-英语,1379725066317604,120239357471650510,PIC20-合成厨师长-Vincent-英语,11.88,0,0,2012,19,2012,19,0,0,0,1
2026/2/9,android,US,0,120238607155630510,120239528904100510,PIC20-合成厨师长-Vincent-英语,1379725066317604,120239528904100510,PIC20-合成厨师长-Vincent-英语,9.41,0,0,1138,8,1138,8,0,0,0,1
2026/2/9,android,US,0,120238607155630510,120239357471660510,PIC21-合成火法师-Vincent-英语,1379725066317604,120239357471660510,PIC21-合成火法师-Vincent-英语,40.88,0,0,3794,62,3794,62,0,0,0,1
2026/2/9,android,US,0,120238607155630510,120239528904130510,PIC21-合成火法师-Vincent-英语,1379725066317604,120239528904130510,PIC21-合成火法师-Vincent-英语,166.9,0,0,15980,176,15980,176,0,0,2,1
2026/2/9,android,US,0,120238607155630510,120239357471670510,PIC22-合成蛇女-Vincent-英语,1379725066317604,120239357471670510,PIC22-合成蛇女-Vincent-英语,14.09,0,0,2540,10,2540,10,0,0,0,1
2026/2/9,android,US,0,120238607155630510,120239528904120510,PIC22-合成蛇女-Vincent-英语,1379725066317604,120239528904120510,PIC22-合成蛇女-Vincent-英语,12.92,0,0,1524,13,1524,13,0,0,0,1
2026/2/9,android,US,0,120238607155630510,120239357496490510,PIC23-合成犀牛-Vincent-英语,1379725066317604,120239357496490510,PIC23-合成犀牛-Vincent-英语,50.19,0,0,6558,65,6558,65,0,0,0,1
2026/2/9,android,US,0,120238607155630510,120239528904110510,PIC23-合成犀牛-Vincent-英语,1379725066317604,120239528904110510,PIC23-合成犀牛-Vincent-英语,19.82,0,0,1528,20,1528,20,0,0,0,1
2026/2/9,android,US,0,120238607155630510,120239357533120510,PIC29-世界观-Vincent-英语,1379725066317604,120239357533120510,PIC29-世界观-Vincent-英语,28.92,0,0,2723,28,2723,28,0,0,0,1
2026/2/9,android,TW,0,6939217868352,6939743275752,VID21-神族战斗-Vincent-繁中,1384270166683478,6939743275752,VID21-神族战斗-Vincent-繁中,14.41,0,0,591,16,591,16,151,136,6,1
2026/2/10,android,BR,0,120239366594720510,120239366594840510,PIC19-合成修理师-Vincent-英语,,,,0,5,0,0,0,0,0,0,0,0,1
2026/2/11,android,US,0,120238607155630510,120239528904130510,PIC21-合成火法师-Vincent-英语,,,,0,5,0,0,0,0,0,0,0,0,1
2026/2/11,android,US,0,120238607155630510,120239422701200510,PIC五图01-英语,,,,0,5,0,0,0,0,0,0,0,0,1
2026/2/21,android,,0,,unknown,unknown,,,,0,5,0,0,0,0,0,0,0,0,1
2026/2/2,android,,0,,unknown,unknown,,,,0,4,0,0,0,0,0,0,0,0,1
2026/2/9,android,TW,0,6939217868352,6939743275552,VID22-选择+闯关-Vincent-繁中,1384270166683478,6939743275552,VID22-选择+闯关-Vincent-繁中,55.4,0,0,2716,63,2716,63,657,586,6,1
2026/2/9,android,TW,0,6939217868352,6939743275352,VID23-英雄升级战斗-Vincent-繁中,1384270166683478,6939743275352,VID23-英雄升级战斗-Vincent-繁中,11.4,0,0,413,7,413,7,65,34,5,1
2026/2/9,android,TW,0,6939217868352,6941086622952,VID24-DMG战斗2-Vincent-繁中,1384270166683478,6941086622952,VID24-DMG战斗2-Vincent-繁中,8.85,0,0,515,7,515,7,67,56,4,1
2026/2/9,android,TW,0,6939217868352,6939743275152,VID25-合成合成合成-Vincent-繁中,1384270166683478,6939743275152,VID25-合成合成合成-Vincent-繁中,2.13,0,0,104,0,104,0,41,22,10,1
2026/2/9,android,TW,0,6939217868352,6939220725752,VID26-魔族失败胜利-Vincent-繁中,1384270166683478,6939220725752,VID26-魔族失败胜利-Vincent-繁中,2.56,0,0,134,4,134,4,22,12,4,1
2026/2/9,android,TW,0,6939217868352,6941086622752,VID26-魔族失败胜利-Vincent-繁中,1384270166683478,6941086622752,VID26-魔族失败胜利-Vincent-繁中,2.56,0,0,159,2,159,2,18,14,6,1
2026/2/9,android,TW,0,120240257805260572,120240257805250572,PIC04-合成场景版-Vincent-繁中,898128255870755,120240257805250572,PIC04-合成场景版-Vincent-繁中,9.77,0,0,1664,14,1664,14,0,0,0,1
2026/2/9,android,TW,0,120240257805260572,120241465869820572,PIC18-合成加特林-Vincent-繁中,898128255870755,120241465869820572,PIC18-合成加特林-Vincent-繁中,3.38,0,0,438,10,438,10,0,0,0,1
2026/2/9,android,TW,0,120240257805260572,120240257912910572,PIC19-合成修理师-Vincent-繁中,898128255870755,120240257912910572,PIC19-合成修理师-Vincent-繁中,19.09,0,0,2314,27,2314,27,1,0,3,1
2026/2/9,android,TW,0,120240257805260572,120240257805270572,PIC30-世界观2-Vincent-繁中,898128255870755,120240257805270572,PIC30-世界观2-Vincent-繁中,11.88,0,0,1556,9,1556,9,14,9,2,1
2026/2/9,android,TW,0,120240257805260572,120241465869800572,PIC五图01-繁中,898128255870755,120241465869800572,PIC五图01-繁中,6.25,0,0,592,11,592,11,0,0,1,1
2026/2/9,android,TW,0,120240257805260572,120241473277760572,PIC五图05-繁中,898128255870755,120241473277760572,PIC五图05-繁中,7.71,0,0,1297,10,1297,10,0,0,1,1
2026/2/9,android,TW,0,120240257805260572,120241465869840572,VID10-选择英雄+战斗-Vincent,898128255870755,120241465869840572,VID10-选择英雄+战斗-Vincent,2.93,0,0,453,4,453,4,30,20,2,1
2026/2/9,android,US,0,120238607155630510,120238607155660510,PIC13-4级厨师长-Vincent-英语,1379725066317604,120238607155660510,PIC13-4级厨师长-Vincent-英语,13.6,0,0,3853,16,3853,16,0,0,1,1
2026/2/9,android,US,0,120238607155630510,120238607155690510,PIC14-4级佛耶哥-Vincent-英语,1379725066317604,120238607155690510,PIC14-4级佛耶哥-Vincent-英语,9.18,0,0,2026,11,2026,11,2,2,3,1
2026/2/9,android,TW,0,6939195938352,6939214270152,PIC33-魔族阵容-Vincent-繁中,1384270166683478,6939214270152,PIC33-魔族阵容-Vincent-繁中,3.14,0,0,283,12,283,12,2,1,3,1
2026/2/9,android,TW,0,6939195938352,6939214270352,PIC34-神族阵容-Vincent-繁中,1384270166683478,6939214270352,PIC34-神族阵容-Vincent-繁中,14.95,0,0,882,37,882,37,11,7,2,1
2026/2/9,android,TW,0,6939195938352,6939856067152,PIC五图01-繁中,1384270166683478,6939856067152,PIC五图01-繁中,58.22,0,0,3413,205,3413,205,0,0,0,1
2026/2/9,android,TW,0,6939195938352,6939856067352,PIC五图02-繁中,1384270166683478,6939856067352,PIC五图02-繁中,2.54,0,0,158,7,158,7,3,3,4,1
2026/2/9,android,TW,0,6939195938352,6939856067552,PIC五图03-繁中,1384270166683478,6939856067552,PIC五图03-繁中,12.38,0,0,687,32,687,32,2,0,1,1
2026/2/9,android,TW,0,6939195938352,6939856067952,PIC五图04-繁中,1384270166683478,6939856067952,PIC五图04-繁中,4.9,0,0,390,17,390,17,3,3,2,1
2026/2/9,android,TW,0,6939195938352,6939858185152,PIC五图05-繁中,1384270166683478,6939858185152,PIC五图05-繁中,5.12,0,0,425,16,425,16,8,6,2,1
2026/2/9,android,TW,0,6939195938352,6939859460752,PIC五图06-繁中,1384270166683478,6939859460752,PIC五图06-繁中,0.73,0,0,47,5,47,5,0,0,0,1
2026/2/9,android,TW,0,6939217868352,6941086623152,VID06-LUDUS战斗-Vincent,1384270166683478,6941086623152,VID06-LUDUS战斗-Vincent,9.32,0,0,683,13,683,13,129,99,4,1
2026/2/9,android,TW,0,6939217868352,6939220724952,VID10-选择英雄+战斗-Vincent,1384270166683478,6939220724952,VID10-选择英雄+战斗-Vincent,75.3,0,0,6614,133,6614,133,893,723,4,1
2026/2/9,android,TW,0,6939217868352,6941086622552,VID10-选择英雄+战斗-Vincent,1384270166683478,6941086622552,VID10-选择英雄+战斗-Vincent,19.75,0,0,1632,25,1632,25,167,130,3,1
2026/2/9,android,TW,0,6939217868352,6939217869352,VID11-合成角色展示-Vincent-繁中,1384270166683478,6939217869352,VID11-合成角色展示-Vincent-繁中,10.06,0,0,473,19,473,19,66,56,3,1
2026/2/9,android,TW,0,6939217868352,6939219987752,VID12-英雄展示1-Abbey-通用,1384270166683478,6939219987752,VID12-英雄展示1-Abbey-通用,64.95,0,0,4170,118,4170,118,692,522,3,1
2026/2/9,android,TW,0,6939217868352,6939220131752,VID15-卡牌滚动-Abbey-繁中,1384270166683478,6939220131752,VID15-卡牌滚动-Abbey-繁中,7.38,0,0,323,7,323,7,75,60,4,1
2026/2/9,android,TW,0,6939217868352,6939220323352,VID18-角色展示轮播-Vincent-繁中,1384270166683478,6939220323352,VID18-角色展示轮播-Vincent-繁中,11.66,0,0,631,20,631,20,73,51,2,1
2026/2/9,android,TW,0,6939217868352,6939220323752,VID19-角色展示轮播2-Vincent-繁中,1384270166683478,6939220323752,VID19-角色展示轮播2-Vincent-繁中,14.64,0,0,1018,22,1018,22,131,92,2,1
2026/2/9,android,TW,0,6939195938352,6939195939752,PIC17-4级巫妖-Vincent-繁中,1384270166683478,6939195939752,PIC17-4级巫妖-Vincent-繁中,5.32,0,0,404,12,404,12,2,1,2,1
2026/2/10,android,BR,0,120239366594720510,120239366594890510,PIC13-4级厨师长-Vincent-英语,,,,0,4,0,0,0,0,0,0,0,0,1
2026/2/9,android,TW,0,6939195938352,6939210114152,PIC18-合成加特林-Vincent-繁中,1384270166683478,6939210114152,PIC18-合成加特林-Vincent-繁中,23.3,0,0,1779,54,1779,54,0,0,0,1
2026/2/9,android,TW,0,6939195938352,6941086288352,PIC18-合成加特林-Vincent-繁中,1384270166683478,6941086288352,PIC18-合成加特林-Vincent-繁中,27.17,0,0,1783,59,1783,59,0,0,0,1
2026/2/9,android,TW,0,6939195938352,6939210114352,PIC19-合成修理师-Vincent-繁中,1384270166683478,6939210114352,PIC19-合成修理师-Vincent-繁中,44.02,0,0,3446,117,3446,117,0,0,0,1
2026/2/9,android,TW,0,6939195938352,6941086288552,PIC19-合成修理师-Vincent-繁中,1384270166683478,6941086288552,PIC19-合成修理师-Vincent-繁中,23.34,0,0,1809,41,1809,41,0,0,1,1
2026/2/9,android,TW,0,6939195938352,6939210114552,PIC20-合成厨师长-Vincent-繁中,1384270166683478,6939210114552,PIC20-合成厨师长-Vincent-繁中,0.71,0,0,152,3,152,3,0,0,0,1
2026/2/9,android,TW,0,6939195938352,6941086287952,PIC20-合成厨师长-Vincent-繁中,1384270166683478,6941086287952,PIC20-合成厨师长-Vincent-繁中,1.76,0,0,164,2,164,2,0,0,0,1
2026/2/9,android,TW,0,6939195938352,6939210114752,PIC21-合成火法师-Vincent-繁中,1384270166683478,6939210114752,PIC21-合成火法师-Vincent-繁中,19.1,0,0,1882,58,1882,58,1,1,3,1
2026/2/9,android,TW,0,6939195938352,6941086287752,PIC21-合成火法师-Vincent-繁中,1384270166683478,6941086287752,PIC21-合成火法师-Vincent-繁中,11.42,0,0,701,22,701,22,0,0,0,1
2026/2/9,android,TW,0,6939195938352,6939210113952,PIC22-合成蛇女-Vincent-繁中,1384270166683478,6939210113952,PIC22-合成蛇女-Vincent-繁中,1.68,0,0,166,3,166,3,0,0,0,1
2026/2/9,android,TW,0,6939195938352,6941086288152,PIC22-合成蛇女-Vincent-繁中,1384270166683478,6941086288152,PIC22-合成蛇女-Vincent-繁中,7.22,0,0,254,9,254,9,0,0,0,1
2026/2/9,android,TW,0,6939195938352,6939214283552,PIC23-合成犀牛-Vincent-繁中,1384270166683478,6939214283552,PIC23-合成犀牛-Vincent-繁中,19,0,0,1244,34,1244,34,0,0,0,1
2026/2/9,android,TW,0,6939195938352,6941086287352,PIC23-合成犀牛-Vincent-繁中,1384270166683478,6941086287352,PIC23-合成犀牛-Vincent-繁中,11.98,0,0,657,23,657,23,0,0,0,1
2026/2/9,android,TW,0,6939195938352,6939214269552,PIC29-世界观-Vincent-繁中,1384270166683478,6939214269552,PIC29-世界观-Vincent-繁中,14.34,0,0,768,46,768,46,5,3,4,1
2026/2/9,android,TW,0,6939195938352,6939214269752,PIC30-世界观2-Vincent-繁中,1384270166683478,6939214269752,PIC30-世界观2-Vincent-繁中,17.96,0,0,1082,48,1082,48,28,18,4,1
2026/2/9,android,TW,0,6939195938352,6939214269952,PIC32-机械族阵容-Vincent-繁中,1384270166683478,6939214269952,PIC32-机械族阵容-Vincent-繁中,21.83,0,0,1174,59,1174,59,13,11,3,1
2026/2/9,android,KR,0,6931593682152,6939743637352,VID23-英雄升级战斗-Vincent-韩语,1384270166683478,6939743637352,VID23-英雄升级战斗-Vincent-韩语,45.42,0,0,3973,84,3973,84,940,553,7,1
2026/2/11,android,KR,0,6931593682152,6939193504352,VID11-合成角色展示-Vincent-韩语,,,,0,4,0,0,0,0,0,0,0,0,1
2026/2/11,android,,0,,unknown,unknown,,,,0,4,0,0,0,0,0,0,0,0,1
2026/2/11,android,US,0,6970072321780,6970160770580,VID11-合成角色展示-Vincent-通用,,,,0,4,0,0,0,0,0,0,0,0,1
2026/2/11,android,US,0,6970072321780,6970282527780,VID11-合成角色展示-Vincent-通用,,,,0,4,0,0,0,0,0,0,0,0,1
2026/2/12,android,US,0,120238648236360510,120239358530960510,VID22-选择+闯关-Vincent-英语,,,,0,4,0,0,0,0,0,0,0,0,1
2026/2/18,android,,0,,unknown,unknown,,,,0,4,0,0,0,0,0,0,0,0,1
2026/2/4,android,,0,,unknown,unknown,,,,0,3,0,0,0,0,0,0,0,0,1
2026/2/9,android,KR,0,6931593682152,6939223232952,VID24-DMG战斗2-Vincent-韩语,1384270166683478,6939223232952,VID24-DMG战斗2-Vincent-韩语,53.71,0,0,4026,114,4026,114,1208,1034,7,1
2026/2/9,android,KR,0,6931593682152,6931593682752,VID26-魔族失败胜利-Vincent-韩语,1384270166683478,6931593682752,VID26-魔族失败胜利-Vincent-韩语,39.02,0,0,3325,51,3325,51,531,365,5,1
2026/2/9,android,KR,0,120241467475180572,120241467574950572,PIC16-4级蛇女-Vincent-韩语,898128255870755,120241467574950572,PIC16-4级蛇女-Vincent-韩语,3.9,0,0,573,4,573,4,0,0,0,1
2026/2/9,android,KR,0,120241467475180572,120241467560440572,PIC五图01-韩语,898128255870755,120241467560440572,PIC五图01-韩语,11.96,0,0,1072,16,1072,16,0,0,1,1
2026/2/9,android,KR,0,120241467475180572,120241467475140572,PIC五图05-韩语,898128255870755,120241467475140572,PIC五图05-韩语,25.26,0,0,3276,26,3276,26,0,0,2,1
2026/2/9,android,KR,0,120241467475180572,120241468014060572,VID11-合成角色展示-Vincent-韩语,898128255870755,120241468014060572,VID11-合成角色展示-Vincent-韩语,3.09,0,0,247,2,247,2,37,34,3,1
2026/2/9,android,KR,0,120241467475180572,120241468014200572,VID18-角色展示轮播-Vincent-韩语,898128255870755,120241468014200572,VID18-角色展示轮播-Vincent-韩语,27.57,0,0,2510,41,2510,41,279,190,2,1
2026/2/9,android,TW,0,6939195938352,6939216112352,PIC04-合成场景版-Vincent-繁中,1384270166683478,6939216112352,PIC04-合成场景版-Vincent-繁中,28.37,0,0,1760,53,1760,53,0,0,0,1
2026/2/9,android,TW,0,6939195938352,6939216112552,PIC06-立绘卡牌展示-Vincent-繁中,1384270166683478,6939216112552,PIC06-立绘卡牌展示-Vincent-繁中,28.68,0,0,1575,84,1575,84,0,0,0,1
2026/2/9,android,TW,0,6939195938352,6939216113152,PIC08-升级进化-Vincent-繁中,1384270166683478,6939216113152,PIC08-升级进化-Vincent-繁中,11.03,0,0,1263,23,1263,23,0,0,0,1
2026/2/9,android,TW,0,6939195938352,6939216112752,PIC11-战斗PVE-Vincent-繁中,1384270166683478,6939216112752,PIC11-战斗PVE-Vincent-繁中,16.77,0,0,860,41,860,41,0,0,0,1
2026/2/9,android,TW,0,6939195938352,6939195940552,PIC13-4级厨师长-Vincent-繁中,1384270166683478,6939195940552,PIC13-4级厨师长-Vincent-繁中,7.22,0,0,569,10,569,10,6,6,3,1
2026/2/9,android,TW,0,6939195938352,6939195940752,PIC14-4级佛耶哥-Vincent-繁中,1384270166683478,6939195940752,PIC14-4级佛耶哥-Vincent-繁中,13.05,0,0,609,13,609,13,12,3,2,1
2026/2/9,android,TW,0,6939195938352,6939195941952,PIC15-4级巨魔-Vincent-繁中,1384270166683478,6939195941952,PIC15-4级巨魔-Vincent-繁中,14.51,0,0,1178,17,1178,17,10,3,1,1
2026/2/9,android,TW,0,6939195938352,6939195940952,PIC16-4级蛇女-Vincent-繁中,1384270166683478,6939195940952,PIC16-4级蛇女-Vincent-繁中,7.43,0,0,533,11,533,11,0,0,0,1
2026/2/9,android,KR,0,6931591409752,6939853826352,PIC五图01-韩语,1384270166683478,6939853826352,PIC五图01-韩语,164.57,0,0,12279,297,12279,297,1,0,1,1
2026/2/9,android,KR,0,6931591409752,6939853826552,PIC五图02-韩语,1384270166683478,6939853826552,PIC五图02-韩语,24.51,0,0,5488,66,5488,66,1,1,1,1
2026/2/9,android,KR,0,6931591409752,6939853826752,PIC五图03-韩语,1384270166683478,6939853826752,PIC五图03-韩语,37.22,0,0,5136,55,5136,55,24,14,2,1
2026/2/9,android,KR,0,6931591409752,6939853825752,PIC五图04-韩语,1384270166683478,6939853825752,PIC五图04-韩语,26.51,0,0,5649,44,5649,44,0,0,0,1
2026/2/9,android,KR,0,6931591409752,6939853826152,PIC五图05-韩语,1384270166683478,6939853826152,PIC五图05-韩语,33.67,0,0,6721,77,6721,77,14,10,1,1
2026/2/9,android,KR,0,6931591409752,6939860601752,PIC五图06-韩语,1384270166683478,6939860601752,PIC五图06-韩语,87.96,0,0,5763,115,5763,115,33,17,3,1
2026/2/9,android,KR,0,6931593682152,6939193504352,VID11-合成角色展示-Vincent-韩语,1384270166683478,6939193504352,VID11-合成角色展示-Vincent-韩语,317.21,0,0,18147,605,18147,605,7266,6624,8,1
2026/2/9,android,KR,0,6931593682152,6941085524752,VID11-合成角色展示-Vincent-韩语,1384270166683478,6941085524752,VID11-合成角色展示-Vincent-韩语,95.14,0,0,6383,112,6383,112,1365,1193,5,1
2026/2/9,android,KR,0,6931593682152,6939193287552,VID12-英雄展示1-Abbey-通用,1384270166683478,6939193287552,VID12-英雄展示1-Abbey-通用,53.46,0,0,6563,124,6563,124,1854,1388,5,1
2026/2/9,android,KR,0,6931593682152,6941085525552,VID15-卡牌滚动-Abbey-韩语,1384270166683478,6941085525552,VID15-卡牌滚动-Abbey-韩语,12.08,0,0,815,20,815,20,165,130,4,1
2026/2/9,android,KR,0,6931593682152,6941085525352,VID16-阵容组合-Abbey-韩语,1384270166683478,6941085525352,VID16-阵容组合-Abbey-韩语,10.32,0,0,878,19,878,19,198,147,3,1
2026/2/9,android,KR,0,6931593682152,6939193504952,VID17-魔王阵容-Vincent-韩语,1384270166683478,6939193504952,VID17-魔王阵容-Vincent-韩语,2.51,0,0,99,7,99,7,14,12,3,1
2026/2/9,android,KR,0,6931593682152,6941085525152,VID17-魔王阵容-Vincent-韩语,1384270166683478,6941085525152,VID17-魔王阵容-Vincent-韩语,16.36,0,0,1043,24,1043,24,168,127,4,1
2026/2/9,android,KR,0,6931593682152,6939193162952,VID18-角色展示轮播-Vincent-韩语,1384270166683478,6939193162952,VID18-角色展示轮播-Vincent-韩语,298.8,0,0,21360,429,21360,429,3587,2436,3,1
2026/2/9,android,KR,0,6931593682152,6939192777152,VID19-角色展示轮播2-Vincent-韩语,1384270166683478,6939192777152,VID19-角色展示轮播2-Vincent-韩语,0,0,0,1,0,1,0,0,0,0,1
2026/2/9,android,KR,0,6931593682152,6939743637552,VID22-选择+闯关-Vincent-韩语,1384270166683478,6939743637552,VID22-选择+闯关-Vincent-韩语,66.47,0,0,4270,62,4270,62,899,786,5,1
2026/2/9,android,KR,0,6931591409752,6941085953152,PIC18-合成加特林-Vincent-韩语,1384270166683478,6941085953152,PIC18-合成加特林-Vincent-韩语,34.82,0,0,3181,52,3181,52,0,0,1,1
2026/2/10,android,TW,0,6939217868352,6939220724952,VID10-选择英雄+战斗-Vincent,,,,0,3,0,0,0,0,0,0,0,0,1
2026/2/9,android,KR,0,6931591409752,6939192111752,PIC19-合成修理师-Vincent-韩语,1384270166683478,6939192111752,PIC19-合成修理师-Vincent-韩语,58.14,0,0,4298,75,4298,75,1,0,1,1
2026/2/9,android,KR,0,6931591409752,6941085952952,PIC19-合成修理师-Vincent-韩语,1384270166683478,6941085952952,PIC19-合成修理师-Vincent-韩语,19.01,0,0,1723,21,1723,21,0,0,1,1
2026/2/9,android,KR,0,6931591409752,6939192111952,PIC20-合成厨师长-Vincent-韩语,1384270166683478,6939192111952,PIC20-合成厨师长-Vincent-韩语,16.48,0,0,1085,25,1085,25,0,0,0,1
2026/2/9,android,KR,0,6931591409752,6941085952752,PIC20-合成厨师长-Vincent-韩语,1384270166683478,6941085952752,PIC20-合成厨师长-Vincent-韩语,5.1,0,0,480,4,480,4,0,0,0,1
2026/2/9,android,KR,0,6931591409752,6939192112152,PIC21-合成火法师-Vincent-韩语,1384270166683478,6939192112152,PIC21-合成火法师-Vincent-韩语,5.2,0,0,716,5,716,5,0,0,1,1
2026/2/9,android,KR,0,6931591409752,6941085952552,PIC21-合成火法师-Vincent-韩语,1384270166683478,6941085952552,PIC21-合成火法师-Vincent-韩语,1.46,0,0,260,2,260,2,0,0,1,1
2026/2/9,android,KR,0,6931591409752,6939192111152,PIC22-合成蛇女-Vincent-韩语,1384270166683478,6939192111152,PIC22-合成蛇女-Vincent-韩语,9.4,0,0,1078,9,1078,9,0,0,1,1
2026/2/9,android,KR,0,6931591409752,6941085953352,PIC22-合成蛇女-Vincent-韩语,1384270166683478,6941085953352,PIC22-合成蛇女-Vincent-韩语,1.7,0,0,519,2,519,2,0,0,1,1
2026/2/9,android,KR,0,6931591409752,6939192224152,PIC23-合成犀牛-Vincent-韩语,1384270166683478,6939192224152,PIC23-合成犀牛-Vincent-韩语,7.98,0,0,576,10,576,10,0,0,0,1
2026/2/9,android,KR,0,6931591409752,6941085952352,PIC23-合成犀牛-Vincent-韩语,1384270166683478,6941085952352,PIC23-合成犀牛-Vincent-韩语,3.3,0,0,241,4,241,4,0,0,0,1
2026/2/9,android,KR,0,6931591409752,6939192289552,PIC29-世界观-Vincent-韩语,1384270166683478,6939192289552,PIC29-世界观-Vincent-韩语,54.79,0,0,6910,88,6910,88,4,2,5,1
2026/2/9,android,KR,0,6931591409752,6939192289752,PIC30-世界观2-Vincent-韩语,1384270166683478,6939192289752,PIC30-世界观2-Vincent-韩语,24.77,0,0,1697,30,1697,30,8,4,2,1
2026/2/9,android,KR,0,6931591409752,6939192289952,PIC32-机械族阵容-Vincent-韩语,1384270166683478,6939192289952,PIC32-机械族阵容-Vincent-韩语,8.2,0,0,1877,15,1877,15,13,12,5,1
2026/2/9,android,KR,0,6931591409752,6939192290152,PIC33-魔族阵容-Vincent-韩语,1384270166683478,6939192290152,PIC33-魔族阵容-Vincent-韩语,2.39,0,0,546,8,546,8,5,2,2,1
2026/2/9,android,KR,0,6931591409752,6939192289152,PIC34-神族阵容-Vincent-韩语,1384270166683478,6939192289152,PIC34-神族阵容-Vincent-韩语,11.08,0,0,1947,20,1947,20,16,13,3,1
2026/2/9,android,BR,0,120239366594720510,120239423107430510,PIC五图02-英语,1379725066317604,120239423107430510,PIC五图02-英语,1,0,0,459,17,459,17,2,1,1,1
2026/2/10,android,US,0,120238648236360510,120238648236390510,VID11-合成角色展示-Vincent-通用,,,,0,3,0,0,0,0,0,0,0,0,1
2026/2/11,android,BR,0,120239366594720510,120239366795310510,PIC05-合成祭司-Vincent-英语,,,,0,3,0,0,0,0,0,0,0,0,1
2026/2/11,android,KR,0,6931591409752,6931592749952,PIC05-合成祭司-Vincent-韩语,,,,0,3,0,0,0,0,0,0,0,0,1
2026/2/11,android,KR,0,6931591409752,6939191252952,PIC16-4级蛇女-Vincent-韩语,,,,0,3,0,0,0,0,0,0,0,0,1
2026/2/11,android,TW,0,6939195938352,6939210114752,PIC21-合成火法师-Vincent-繁中,,,,0,3,0,0,0,0,0,0,0,0,1
2026/2/11,android,US,0,6970072321780,6970072322380,PIC21-合成火法师-Vincent-英语,,,,0,3,0,0,0,0,0,0,0,0,1
2026/2/12,android,BR,0,120239366394730510,120239409035370510,VID25-合成合成合成-Vincent-英语,,,,0,3,0,0,0,0,0,0,0,0,1
2026/2/12,android,BR,0,120239366594720510,120239423107460510,PIC五图04-英语,,,,0,3,0,0,0,0,0,0,0,0,1
2026/2/12,android,US,0,120238607155630510,120239422701200510,PIC五图01-英语,,,,0,3,0,0,0,0,0,0,0,0,1
2026/2/12,android,US,0,6970072321780,6970282527780,VID11-合成角色展示-Vincent-通用,,,,0,3,0,0,0,0,0,0,0,0,1
2026/2/13,android,BR,0,120239366594720510,120239423107460510,PIC五图04-英语,,,,0,3,0,0,0,0,0,0,0,0,1
2026/2/17,android,,0,,unknown,unknown,,,,0,3,0,0,0,0,0,0,0,0,1
2026/2/19,android,,0,,unknown,unknown,,,,0,3,0,0,0,0,0,0,0,0,1
2026/2/4,android,ID,0,120238770649640510,120239024373250510,PIC21-合成火法师-Vincent-英语,,,,0,2,0,0,0,0,0,0,0,0,1
2026/2/4,android,ID,0,120238770649640510,120239297880920510,PIC21-合成火法师-Vincent-英语,,,,0,2,0,0,0,0,0,0,0,0,1
2026/2/4,android,ID,0,120238770649640510,120239024373230510,PIC34-神族阵容-Vincent-英语,,,,0,2,0,0,0,0,0,0,0,0,1
2026/2/6,android,,0,,unknown,unknown,,,,0,2,0,0,0,0,0,0,0,0,1
2026/2/8,android,,0,,unknown,unknown,,,,0,2,0,0,0,0,0,0,0,0,1
2026/2/9,android,BR,0,120239366594720510,120239423107420510,PIC五图03-英语,1379725066317604,120239423107420510,PIC五图03-英语,2.94,0,0,1174,40,1174,40,5,1,1,1
2026/2/9,android,BR,0,120239366594720510,120239423107460510,PIC五图04-英语,1379725066317604,120239423107460510,PIC五图04-英语,56.6,0,0,46700,1007,46700,1007,25,11,2,1
2026/2/9,android,BR,0,120239366594720510,120239423107450510,PIC五图05-英语,1379725066317604,120239423107450510,PIC五图05-英语,3.11,0,0,1687,24,1687,24,4,2,1,1
2026/2/9,android,BR,0,120239366594720510,120239423626760510,PIC五图06-英语,1379725066317604,120239423626760510,PIC五图06-英语,4.21,0,0,1469,81,1469,81,16,9,3,1
2026/2/9,android,KR,0,6931591409752,6931591409952,PIC02-登录送连抽扁平版-Vincent-韩语,1384270166683478,6931591409952,PIC02-登录送连抽扁平版-Vincent-韩语,25.6,0,0,1205,24,1205,24,1,0,3,1
2026/2/9,android,KR,0,6931591409752,6931593368752,PIC04-合成场景版-Vincent-韩语,1384270166683478,6931593368752,PIC04-合成场景版-Vincent-韩语,13.65,0,0,1419,23,1419,23,0,0,0,1
2026/2/9,android,KR,0,6931591409752,6931592749952,PIC05-合成祭司-Vincent-韩语,1384270166683478,6931592749952,PIC05-合成祭司-Vincent-韩语,211.08,0,0,19797,305,19797,305,0,0,1,1
2026/2/9,android,KR,0,6931591409752,6931592716752,PIC06-立绘卡牌展示-Vincent-韩语,1384270166683478,6931592716752,PIC06-立绘卡牌展示-Vincent-韩语,22.7,0,0,1247,31,1247,31,1,1,3,1
2026/2/9,android,KR,0,6931591409752,6931593311552,PIC08-升级进化-Vincent-韩语,1384270166683478,6931593311552,PIC08-升级进化-Vincent-韩语,67.75,0,0,11205,127,11205,127,0,0,2,1
2026/2/9,android,KR,0,6931591409752,6939191253352,PIC13-4级厨师长-Vincent-韩语,1384270166683478,6939191253352,PIC13-4级厨师长-Vincent-韩语,36.18,0,0,9051,44,9051,44,0,0,1,1
2026/2/9,android,KR,0,6931591409752,6939191253552,PIC14-4级佛耶哥-Vincent-韩语,1384270166683478,6939191253552,PIC14-4级佛耶哥-Vincent-韩语,33.96,0,0,10724,62,10724,62,61,56,3,1
2026/2/9,android,KR,0,6931591409752,6939191253752,PIC15-4级巨魔-Vincent-韩语,1384270166683478,6939191253752,PIC15-4级巨魔-Vincent-韩语,17.44,0,0,1868,22,1868,22,4,3,1,1
2026/2/9,android,KR,0,6931591409752,6939191252952,PIC16-4级蛇女-Vincent-韩语,1384270166683478,6939191252952,PIC16-4级蛇女-Vincent-韩语,108.34,0,0,26741,200,26741,200,2,0,2,1
2026/2/9,android,KR,0,6931591409752,6939191253152,PIC17-4级巫妖-Vincent-韩语,1384270166683478,6939191253152,PIC17-4级巫妖-Vincent-韩语,142.77,0,0,22904,210,22904,210,0,0,1,1
2026/2/9,android,KR,0,6931591409752,6939192111552,PIC18-合成加特林-Vincent-韩语,1384270166683478,6939192111552,PIC18-合成加特林-Vincent-韩语,244.26,0,0,19875,393,19875,393,5,2,1,1
2026/2/9,android,BR,0,120239366594720510,120239366594910510,PIC15-4级巨魔-Vincent-英语,1379725066317604,120239366594910510,PIC15-4级巨魔-Vincent-英语,3.14,0,0,1890,33,1890,33,8,4,1,1
2026/2/22,android,,0,,unknown,unknown,,,,0,3,0,0,0,0,0,0,0,0,1
2026/2/9,android,BR,0,120239366594720510,120239366594830510,PIC16-4级蛇女-Vincent-英语,1379725066317604,120239366594830510,PIC16-4级蛇女-Vincent-英语,1.47,0,0,622,14,622,14,0,0,0,1
2026/2/9,android,BR,0,120239366594720510,120239366594730510,PIC17-4级巫妖-Vincent-英语,1379725066317604,120239366594730510,PIC17-4级巫妖-Vincent-英语,10.36,0,0,7100,149,7100,149,1,0,3,1
2026/2/9,android,BR,0,120239366594720510,120239366594820510,PIC18-合成加特林-Vincent-英语,1379725066317604,120239366594820510,PIC18-合成加特林-Vincent-英语,6.69,0,0,3774,100,3774,100,0,0,3,1
2026/2/9,android,BR,0,120239366594720510,120239531611030510,PIC18-合成加特林-Vincent-英语,1379725066317604,120239531611030510,PIC18-合成加特林-Vincent-英语,4.67,0,0,3235,46,3235,46,0,0,1,1
2026/2/9,android,BR,0,120239366594720510,120239366594840510,PIC19-合成修理师-Vincent-英语,1379725066317604,120239366594840510,PIC19-合成修理师-Vincent-英语,6.36,0,0,3428,90,3428,90,0,0,0,1
2026/2/9,android,BR,0,120239366594720510,120239366594850510,PIC20-合成厨师长-Vincent-英语,1379725066317604,120239366594850510,PIC20-合成厨师长-Vincent-英语,2.45,0,0,1154,33,1154,33,0,0,0,1
2026/2/9,android,BR,0,120239366594720510,120239366594860510,PIC21-合成火法师-Vincent-英语,1379725066317604,120239366594860510,PIC21-合成火法师-Vincent-英语,40.74,0,0,38497,672,38497,672,2,1,3,1
2026/2/9,android,BR,0,120239366594720510,120239366594870510,PIC22-合成蛇女-Vincent-英语,1379725066317604,120239366594870510,PIC22-合成蛇女-Vincent-英语,2.69,0,0,1523,34,1523,34,0,0,1,1
2026/2/9,android,BR,0,120239366594720510,120239366594880510,PIC23-合成犀牛-Vincent-英语,1379725066317604,120239366594880510,PIC23-合成犀牛-Vincent-英语,8.18,0,0,6531,84,6531,84,0,0,2,1
2026/2/9,android,BR,0,120239366594720510,120239366594790510,PIC29-世界观-Vincent-英语,1379725066317604,120239366594790510,PIC29-世界观-Vincent-英语,3.97,0,0,1969,52,1969,52,0,0,1,1
2026/2/9,android,BR,0,120239366594720510,120239366594760510,PIC30-世界观2-Vincent-英语,1379725066317604,120239366594760510,PIC30-世界观2-Vincent-英语,6.01,0,0,2491,72,2491,72,9,4,1,1
2026/2/9,android,BR,0,120239366594720510,120239366594800510,PIC32-机械族阵容-Vincent-英语,1379725066317604,120239366594800510,PIC32-机械族阵容-Vincent-英语,13.25,0,0,5234,148,5234,148,14,10,2,1
2026/2/9,android,BR,0,120239366594720510,120239366594810510,PIC33-魔族阵容-Vincent-英语,1379725066317604,120239366594810510,PIC33-魔族阵容-Vincent-英语,9.68,0,0,4512,141,4512,141,6,4,5,1
2026/2/9,android,BR,0,120239366594720510,120239366594740510,PIC34-神族阵容-Vincent-英语,1379725066317604,120239366594740510,PIC34-神族阵容-Vincent-英语,32.97,0,0,19730,480,19730,480,0,0,1,1
2026/2/9,android,BR,0,120239366594720510,120239531590770510,PIC34-神族阵容-Vincent-英语,1379725066317604,120239531590770510,PIC34-神族阵容-Vincent-英语,28.81,0,0,18634,330,18634,330,5,3,2,1
2026/2/9,android,BR,0,120239366394730510,120239366394800510,VID15-卡牌滚动-Abbey-英语,1379725066317604,120239366394800510,VID15-卡牌滚动-Abbey-英语,7.3,0,0,3988,41,3988,41,323,173,2,1
2026/2/9,android,BR,0,120239366394730510,120239366394760510,VID16-阵容组合-Abbey-英语,1379725066317604,120239366394760510,VID16-阵容组合-Abbey-英语,2.94,0,0,1235,19,1235,19,129,63,2,1
2026/2/9,android,BR,0,120239366394730510,120239531552690510,VID18-角色展示轮播-Vincent-英语,1379725066317604,120239531552690510,VID18-角色展示轮播-Vincent-英语,3.93,0,0,3349,21,3349,21,266,156,2,1
2026/2/9,android,BR,0,120239366394730510,120239366394790510,VID20-角色升级-Vincent-英语,1379725066317604,120239366394790510,VID20-角色升级-Vincent-英语,0.48,0,0,297,3,297,3,25,15,2,1
2026/2/9,android,BR,0,120239366394730510,120239366394780510,VID22-选择+闯关-Vincent-英语,1379725066317604,120239366394780510,VID22-选择+闯关-Vincent-英语,6.79,0,0,2155,31,2155,31,189,134,3,1
2026/2/9,android,BR,0,120239366394730510,120239366394830510,VID23-英雄升级战斗-Vincent-英语,1379725066317604,120239366394830510,VID23-英雄升级战斗-Vincent-英语,0.27,0,0,73,0,73,0,3,1,2,1
2026/2/9,android,BR,0,120239366394730510,120239373825000510,VID24-DMG战斗2-Vincent-通用,1379725066317604,120239373825000510,VID24-DMG战斗2-Vincent-通用,1.29,0,0,763,3,763,3,50,22,2,1
2026/2/9,android,BR,0,120239366394730510,120239531552720510,VID24-DMG战斗2-Vincent-通用,1379725066317604,120239531552720510,VID24-DMG战斗2-Vincent-通用,16.04,0,0,11176,98,11176,98,792,439,3,1
2026/2/9,android,BR,0,120239366394730510,120239409035370510,VID25-合成合成合成-Vincent-英语,1379725066317604,120239409035370510,VID25-合成合成合成-Vincent-英语,57.49,0,0,34387,607,34387,607,3231,1669,3,1
2026/2/9,android,BR,0,120239366394730510,120239531552700510,VID25-合成合成合成-Vincent-英语,1379725066317604,120239531552700510,VID25-合成合成合成-Vincent-英语,2.3,0,0,1521,13,1521,13,120,69,2,1
2026/2/9,android,BR,0,120239366594720510,120239366795330510,PIC04-合成场景版-Vincent-英语,1379725066317604,120239366795330510,PIC04-合成场景版-Vincent-英语,0.47,0,0,238,7,238,7,0,0,0,1
2026/2/9,android,BR,0,120239366594720510,120239366795310510,PIC05-合成祭司-Vincent-英语,1379725066317604,120239366795310510,PIC05-合成祭司-Vincent-英语,7.22,0,0,5601,102,5601,102,3,2,2,1
2026/2/9,android,BR,0,120239366594720510,120239366795320510,PIC08-升级进化-Vincent-英语,1379725066317604,120239366795320510,PIC08-升级进化-Vincent-英语,8.54,0,0,7123,99,7123,99,0,0,0,1
2026/2/9,android,BR,0,120239366594720510,120239366795350510,PIC09-挑战强弱-Vincent-英语,1379725066317604,120239366795350510,PIC09-挑战强弱-Vincent-英语,3.16,0,0,1158,30,1158,30,0,0,1,1
2026/2/9,android,BR,0,120239366594720510,120239366594890510,PIC13-4级厨师长-Vincent-英语,1379725066317604,120239366594890510,PIC13-4级厨师长-Vincent-英语,17.97,0,0,15156,229,15156,229,16,10,2,1
2026/2/9,android,BR,0,120239366594720510,120239366594900510,PIC14-4级佛耶哥-Vincent-英语,1379725066317604,120239366594900510,PIC14-4级佛耶哥-Vincent-英语,10.93,0,0,5166,84,5166,84,24,10,1,1
2026/2/3,android,ID,0,120238770649640510,120238770649810510,VID15-卡牌滚动-Abbey-英语,1379725066317604,120238770649810510,VID15-卡牌滚动-Abbey-英语,21.12,0,0,17523,808,17523,808,3622,1746,3,1
2026/2/10,android,BR,0,120239366394730510,120239531552730510,VID06-LUDUS战斗-Vincent,,,,0,2,0,0,0,0,0,0,0,0,1
2026/2/10,android,BR,0,120239366594720510,120239366594900510,PIC14-4级佛耶哥-Vincent-英语,,,,0,2,0,0,0,0,0,0,0,0,1
2026/2/3,android,ID,0,120238770649640510,120238770649730510,VID17-魔王阵容-Vincent-英语,1379725066317604,120238770649730510,VID17-魔王阵容-Vincent-英语,2.42,0,0,2916,38,2916,38,192,119,6,1
2026/2/3,android,,0,120237598152320510,120237598152520510,PIC01-打造阵容-Vincent-英语,1379725066317604,120237598152520510,PIC01-打造阵容-Vincent-英语,1.98,0,0,3663,61,3663,61,0,0,0,1
2026/2/3,android,,0,120237598152320510,120237598152510510,PIC02-登录送连抽扁平版-Vincent-英语,1379725066317604,120237598152510510,PIC02-登录送连抽扁平版-Vincent-英语,0.44,0,0,364,16,364,16,0,0,0,1
2026/2/3,android,,0,120237598152320510,120237598152440510,PIC03-登录送连抽场景版-Vincent-英语,1379725066317604,120237598152440510,PIC03-登录送连抽场景版-Vincent-英语,0.75,0,0,1256,28,1256,28,0,0,0,1
2026/2/3,android,,0,120237598152320510,120237598152530510,PIC04-合成场景版-Vincent-英语,1379725066317604,120237598152530510,PIC04-合成场景版-Vincent-英语,0.11,0,0,178,6,178,6,0,0,0,1
2026/2/3,android,,0,120237598152320510,120237598152330510,PIC06-立绘卡牌展示-Vincent-英语,1379725066317604,120237598152330510,PIC06-立绘卡牌展示-Vincent-英语,0.3,0,0,521,23,521,23,0,0,0,1
2026/2/3,android,,0,120237598152320510,120237598152460510,PIC07-升级祭司-Vincent-英语,1379725066317604,120237598152460510,PIC07-升级祭司-Vincent-英语,0.11,0,0,207,3,207,3,0,0,0,1
2026/2/3,android,,0,120237598152320510,120237598152430510,PIC08-升级进化-Vincent-英语,1379725066317604,120237598152430510,PIC08-升级进化-Vincent-英语,2.68,0,0,5360,38,5360,38,0,0,0,1
2026/2/3,android,,0,120237598152320510,120237598152340510,PIC09-挑战强弱-Vincent-英语,1379725066317604,120237598152340510,PIC09-挑战强弱-Vincent-英语,0.5,0,0,691,20,691,20,0,0,0,1
2026/2/3,android,,0,120237598152320510,120237598152500510,PIC11-战斗PVE-Vincent-英语,1379725066317604,120237598152500510,PIC11-战斗PVE-Vincent-英语,0.06,0,0,72,4,72,4,0,0,0,1
2026/2/3,android,,0,120237598152320510,120237598152470510,PIC12-战斗PVP-Vincent-英语,1379725066317604,120237598152470510,PIC12-战斗PVP-Vincent-英语,1.04,0,0,1914,27,1914,27,0,0,0,1
2026/2/9,android,BR,0,120239366394730510,120239531552730510,VID06-LUDUS战斗-Vincent,1379725066317604,120239531552730510,VID06-LUDUS战斗-Vincent,12.76,0,0,5566,86,5566,86,446,229,3,1
2026/2/9,android,BR,0,120239366394730510,120239366394770510,VID12-英雄展示1-Abbey-通用,1379725066317604,120239366394770510,VID12-英雄展示1-Abbey-通用,0.8,0,0,279,3,279,3,30,19,2,1
2026/2/9,android,BR,0,120239366394730510,120239408982830510,VID13-英雄展示2-Abbey-通用,1379725066317604,120239408982830510,VID13-英雄展示2-Abbey-通用,0.25,0,0,136,3,136,3,13,7,2,1
2026/2/9,android,BR,0,120239366394730510,120239531552710510,VID13-英雄展示2-Abbey-通用,1379725066317604,120239531552710510,VID13-英雄展示2-Abbey-通用,0.74,0,0,511,4,511,4,38,27,4,1
2026/2/3,android,ID,0,120238770649640510,120239279840120510,PIC08-升级进化-Vincent-英语,1379725066317604,120239279840120510,PIC08-升级进化-Vincent-英语,2.35,0,0,3981,45,3981,45,0,0,0,1
2026/2/10,android,TW,0,6939195938352,6939210114352,PIC19-合成修理师-Vincent-繁中,,,,0,2,0,0,0,0,0,0,0,0,1
2026/2/10,android,TW,0,6939195938352,6941086288552,PIC19-合成修理师-Vincent-繁中,,,,0,2,0,0,0,0,0,0,0,0,1
2026/2/10,android,TW,0,6939195938352,6941086287752,PIC21-合成火法师-Vincent-繁中,,,,0,2,0,0,0,0,0,0,0,0,1
2026/2/10,android,TW,0,6939217868352,6939219987752,VID12-英雄展示1-Abbey-通用,,,,0,2,0,0,0,0,0,0,0,0,1
2026/2/10,android,TW,0,6939217868352,6941086622552,VID10-选择英雄+战斗-Vincent,,,,0,2,0,0,0,0,0,0,0,0,1
2026/2/3,android,ID,0,120238770649640510,120239279840130510,PIC12-战斗PVP-Vincent-英语,1379725066317604,120239279840130510,PIC12-战斗PVP-Vincent-英语,11.29,0,0,12432,286,12432,286,2,1,2,1
2026/2/3,android,ID,0,120238770649640510,120239024373200510,PIC16-4级蛇女-Vincent-英语,1379725066317604,120239024373200510,PIC16-4级蛇女-Vincent-英语,1.44,0,0,1548,45,1548,45,0,0,0,1
2026/2/3,android,ID,0,120238770649640510,120239294231750510,PIC16-4级蛇女-Vincent-英语,1379725066317604,120239294231750510,PIC16-4级蛇女-Vincent-英语,0.25,0,0,331,4,331,4,0,0,0,1
2026/2/3,android,ID,0,120238770649640510,120239024373210510,PIC20-合成厨师长-Vincent-英语,1379725066317604,120239024373210510,PIC20-合成厨师长-Vincent-英语,1.72,0,0,2230,104,2230,104,0,0,1,1
2026/2/3,android,ID,0,120238770649640510,120239294231740510,PIC20-合成厨师长-Vincent-英语,1379725066317604,120239294231740510,PIC20-合成厨师长-Vincent-英语,0.11,0,0,271,5,271,5,0,0,0,1
2026/2/3,android,ID,0,120238770649640510,120239024373250510,PIC21-合成火法师-Vincent-英语,1379725066317604,120239024373250510,PIC21-合成火法师-Vincent-英语,11.41,0,0,16883,458,16883,458,0,0,0,1
2026/2/3,android,ID,0,120238770649640510,120239294231700510,PIC21-合成火法师-Vincent-英语,1379725066317604,120239294231700510,PIC21-合成火法师-Vincent-英语,0.68,0,0,1290,10,1290,10,1,0,1,1
2026/2/3,android,ID,0,120238770649640510,120239297880920510,PIC21-合成火法师-Vincent-英语,1379725066317604,120239297880920510,PIC21-合成火法师-Vincent-英语,2.69,0,0,3638,92,3638,92,0,0,0,1
2026/2/3,android,ID,0,120238770649640510,120239024373260510,PIC26-升级蛇女佛耶哥-Vincent-通用,1379725066317604,120239024373260510,PIC26-升级蛇女佛耶哥-Vincent-通用,3.47,0,0,5674,77,5674,77,0,0,1,1
2026/2/3,android,ID,0,120238770649640510,120239294231690510,PIC26-升级蛇女佛耶哥-Vincent-通用,1379725066317604,120239294231690510,PIC26-升级蛇女佛耶哥-Vincent-通用,0.44,0,0,856,13,856,13,0,0,0,1
2026/2/3,android,ID,0,120238770649640510,120239024373240510,PIC29-世界观-Vincent-英语,1379725066317604,120239024373240510,PIC29-世界观-Vincent-英语,2.75,0,0,4372,75,4372,75,0,0,0,1
2026/2/3,android,ID,0,120238770649640510,120239294231720510,PIC29-世界观-Vincent-英语,1379725066317604,120239294231720510,PIC29-世界观-Vincent-英语,1.12,0,0,2420,20,2420,20,0,0,0,1
2026/2/3,android,ID,0,120238770649640510,120239024373230510,PIC34-神族阵容-Vincent-英语,1379725066317604,120239024373230510,PIC34-神族阵容-Vincent-英语,15.1,0,0,18270,478,18270,478,0,0,1,1
2026/2/3,android,ID,0,120238770649640510,120239294231730510,PIC34-神族阵容-Vincent-英语,1379725066317604,120239294231730510,PIC34-神族阵容-Vincent-英语,0.9,0,0,1334,46,1334,46,0,0,0,1
2026/2/3,android,ID,0,120238770649640510,120239297880900510,PIC34-神族阵容-Vincent-英语,1379725066317604,120239297880900510,PIC34-神族阵容-Vincent-英语,4.25,0,0,5422,107,5422,107,1,0,6,1
2026/2/10,android,US,0,120238607155630510,120239528904090510,PIC18-合成加特林-Vincent-英语,,,,0,2,0,0,0,0,0,0,0,0,1
2026/2/10,android,US,0,6970072321780,6970072322580,PIC18-合成加特林-Vincent-英语,,,,0,2,0,0,0,0,0,0,0,0,1
2026/2/10,android,US,0,120238607155630510,120239357471620510,PIC18-合成加特林-Vincent-英语,,,,0,2,0,0,0,0,0,0,0,0,1
2026/2/10,android,US,0,120238607155630510,120239357471660510,PIC21-合成火法师-Vincent-英语,,,,0,2,0,0,0,0,0,0,0,0,1
2026/2/10,android,US,0,120238648236360510,120239408869050510,VID18-角色展示轮播-Vincent-英语,,,,0,2,0,0,0,0,0,0,0,0,1
2026/2/23,android,,0,,unknown,unknown,,,,0,1,0,0,0,0,0,0,0,0,1
2026/2/25,android,,0,,unknown,unknown,,,,0,1,0,0,0,0,0,0,0,0,1
2026/2/26,android,,0,,unknown,unknown,,,,0,1,0,0,0,0,0,0,0,0,1
2026/2/27,android,,0,,unknown,unknown,,,,0,1,0,0,0,0,0,0,0,0,1
2026/2/28,android,,0,,unknown,unknown,,,,0,1,0,0,0,0,0,0,0,0,1
2026/2/3,android,ID,0,120238770649640510,120239279840160510,PIC02-登录送连抽扁平版-Vincent-英语,1379725066317604,120239279840160510,PIC02-登录送连抽扁平版-Vincent-英语,1.81,0,0,1100,42,1100,42,0,0,0,1
2026/2/3,android,ID,0,120238770649640510,120239279840140510,PIC03-登录送连抽场景版-Vincent-英语,1379725066317604,120239279840140510,PIC03-登录送连抽场景版-Vincent-英语,2.72,0,0,1812,49,1812,49,0,0,1,1
2026/2/3,android,ID,0,120238770649640510,120239279840150510,PIC06-立绘卡牌展示-Vincent-英语,1379725066317604,120239279840150510,PIC06-立绘卡牌展示-Vincent-英语,15.22,0,0,13845,387,13845,387,0,0,0,1
2026/2/16,android,US,0,6970072321780,6970160770180,PIC五图01-英语,,,,0,1,0,0,0,0,0,0,0,0,1
2026/2/11,android,KR,0,6931591409752,6939191253152,PIC17-4级巫妖-Vincent-韩语,,,,0,2,0,0,0,0,0,0,0,0,1
2026/2/11,android,KR,0,6931593682152,6941085524752,VID11-合成角色展示-Vincent-韩语,,,,0,2,0,0,0,0,0,0,0,0,1
2026/2/11,android,KR,0,6931593682152,6939193162952,VID18-角色展示轮播-Vincent-韩语,,,,0,2,0,0,0,0,0,0,0,0,1
2026/2/11,android,TW,0,6939195938352,6941086288352,PIC18-合成加特林-Vincent-繁中,,,,0,2,0,0,0,0,0,0,0,0,1
2026/2/11,android,TW,0,120240257805260572,120241465869800572,PIC五图01-繁中,,,,0,2,0,0,0,0,0,0,0,0,1
2026/2/11,android,TW,0,120240257805260572,120241465869840572,VID10-选择英雄+战斗-Vincent,,,,0,2,0,0,0,0,0,0,0,0,1
2026/2/11,android,TW,0,6941413175152,6941413182552,PIC35-横版海报-Vincent-通用,,,,0,2,0,0,0,0,0,0,0,0,1
2026/2/11,android,TW,0,6941413175152,6941413175952,PIC17-4级巫妖-Vincent-繁中,,,,0,2,0,0,0,0,0,0,0,0,1
2026/2/11,android,TW,0,6941413175152,6941413183752,PIC21-合成火法师-Vincent-繁中,,,,0,2,0,0,0,0,0,0,0,0,1
2026/2/11,android,US,0,120238648236360510,120239358530950510,VID19-角色展示轮播2-Vincent-英语,,,,0,2,0,0,0,0,0,0,0,0,1
2026/2/12,android,,0,,unknown,unknown,,,,0,2,0,0,0,0,0,0,0,0,1
2026/2/12,android,KR,0,6931591409752,6939853826352,PIC五图01-韩语,,,,0,2,0,0,0,0,0,0,0,0,1
2026/2/12,android,KR,0,6931593682152,6939193504352,VID11-合成角色展示-Vincent-韩语,,,,0,2,0,0,0,0,0,0,0,0,1
2026/2/12,android,US,0,6970072321780,6970072322380,PIC21-合成火法师-Vincent-英语,,,,0,2,0,0,0,0,0,0,0,0,1
2026/2/12,android,US,0,120238607155630510,120239528904130510,PIC21-合成火法师-Vincent-英语,,,,0,2,0,0,0,0,0,0,0,0,1
2026/2/12,android,US,0,6970072321780,6970160770580,VID11-合成角色展示-Vincent-通用,,,,0,2,0,0,0,0,0,0,0,0,1
2026/2/13,android,KR,0,6931591409752,6939191252952,PIC16-4级蛇女-Vincent-韩语,,,,0,2,0,0,0,0,0,0,0,0,1
2026/2/13,android,KR,0,6931591409752,6939853826352,PIC五图01-韩语,,,,0,2,0,0,0,0,0,0,0,0,1
2026/2/13,android,KR,0,6931593682152,6939193162952,VID18-角色展示轮播-Vincent-韩语,,,,0,2,0,0,0,0,0,0,0,0,1
2026/2/13,android,KR,0,6931593682152,6939193504352,VID11-合成角色展示-Vincent-韩语,,,,0,2,0,0,0,0,0,0,0,0,1
2026/2/13,android,US,0,6970072321780,6970072322580,PIC18-合成加特林-Vincent-英语,,,,0,2,0,0,0,0,0,0,0,0,1
2026/2/14,android,BR,0,120239366394730510,120239409035370510,VID25-合成合成合成-Vincent-英语,,,,0,2,0,0,0,0,0,0,0,0,1
2026/2/14,android,BR,0,120239366594720510,120239366594860510,PIC21-合成火法师-Vincent-英语,,,,0,2,0,0,0,0,0,0,0,0,1
2026/2/14,android,BR,0,120239366594720510,120239423107460510,PIC五图04-英语,,,,0,2,0,0,0,0,0,0,0,0,1
2026/2/14,android,KR,0,6931591409752,6931592749952,PIC05-合成祭司-Vincent-韩语,,,,0,2,0,0,0,0,0,0,0,0,1
2026/2/11,android,BR,0,120239366594720510,120239531590770510,PIC34-神族阵容-Vincent-英语,,,,0,2,0,0,0,0,0,0,0,0,1
2026/2/14,android,KR,0,6931593682152,6939193504352,VID11-合成角色展示-Vincent-韩语,,,,0,2,0,0,0,0,0,0,0,0,1
2026/2/14,android,US,0,120238607155630510,120239422701200510,PIC五图01-英语,,,,0,2,0,0,0,0,0,0,0,0,1
2026/2/24,android,,0,,unknown,unknown,,,,0,2,0,0,0,0,0,0,0,0,1
2026/2/14,android,KR,0,6931593682152,6939193162952,VID18-角色展示轮播-Vincent-韩语,,,,0,2,0,0,0,0,0,0,0,0,1
2026/2/20,android,,0,,unknown,unknown,,,,0,1,0,0,0,0,0,0,0,0,1
2026/2/15,android,US,0,120238648236360510,120239358530950510,VID19-角色展示轮播2-Vincent-英语,,,,0,1,0,0,0,0,0,0,0,0,1
2026/2/4,android,ID,0,120238770649640510,120239279840160510,PIC02-登录送连抽扁平版-Vincent-英语,,,,0,1,0,0,0,0,0,0,0,0,1
2026/2/4,android,ID,0,120238770649640510,120239279840150510,PIC06-立绘卡牌展示-Vincent-英语,,,,0,1,0,0,0,0,0,0,0,0,1
2026/2/4,android,ID,0,120238770649640510,120239279840130510,PIC12-战斗PVP-Vincent-英语,,,,0,1,0,0,0,0,0,0,0,0,1
2026/2/4,android,ID,0,120238770649640510,120239024373260510,PIC26-升级蛇女佛耶哥-Vincent-通用,,,,0,1,0,0,0,0,0,0,0,0,1
2026/2/4,android,ID,0,120238770649640510,120239297880900510,PIC34-神族阵容-Vincent-英语,,,,0,1,0,0,0,0,0,0,0,0,1
2026/2/5,android,ID,0,120238770649640510,120239279840140510,PIC03-登录送连抽场景版-Vincent-英语,,,,0,1,0,0,0,0,0,0,0,0,1
2026/2/5,android,ID,0,120238770649640510,120239279840130510,PIC12-战斗PVP-Vincent-英语,,,,0,1,0,0,0,0,0,0,0,0,1
2026/2/5,android,ID,0,120238770649640510,120239024373230510,PIC34-神族阵容-Vincent-英语,,,,0,1,0,0,0,0,0,0,0,0,1
2026/2/5,android,,0,,unknown,unknown,,,,0,1,0,0,0,0,0,0,0,0,1
2026/2/7,android,ID,0,120238770649640510,120239024373250510,PIC21-合成火法师-Vincent-英语,,,,0,1,0,0,0,0,0,0,0,0,1
2026/2/7,android,ID,0,120238770649640510,120239279840150510,PIC06-立绘卡牌展示-Vincent-英语,,,,0,1,0,0,0,0,0,0,0,0,1
2026/2/7,android,ID,0,120238770649640510,120239294231730510,PIC34-神族阵容-Vincent-英语,,,,0,1,0,0,0,0,0,0,0,0,1
2026/2/7,android,ID,0,120238770649640510,120239024373210510,PIC20-合成厨师长-Vincent-英语,,,,0,1,0,0,0,0,0,0,0,0,1
2026/2/4,android,ID,0,120238770649640510,120238770649810510,VID15-卡牌滚动-Abbey-英语,,,,0,1,0,0,0,0,0,0,0,0,1
2026/2/15,android,US,0,6970072321780,6970072322180,PIC23-合成犀牛-Vincent-英语,,,,0,1,0,0,0,0,0,0,0,0,1
2026/2/15,android,US,0,120238648236360510,120239358530960510,VID22-选择+闯关-Vincent-英语,,,,0,1,0,0,0,0,0,0,0,0,1
2026/2/16,android,BR,0,120239366394730510,120239531552730510,VID06-LUDUS战斗-Vincent,,,,0,1,0,0,0,0,0,0,0,0,1
2026/2/16,android,BR,0,120239366594720510,120239366594730510,PIC17-4级巫妖-Vincent-英语,,,,0,1,0,0,0,0,0,0,0,0,1
2026/2/16,android,,0,,unknown,unknown,,,,0,1,0,0,0,0,0,0,0,0,1
2026/2/16,android,KR,0,6931591409752,6939860601752,PIC五图06-韩语,,,,0,1,0,0,0,0,0,0,0,0,1
2026/2/16,android,KR,0,6931591409752,6939192111552,PIC18-合成加特林-Vincent-韩语,,,,0,1,0,0,0,0,0,0,0,0,1
2026/2/16,android,KR,0,120241467475180572,120241467560440572,PIC五图01-韩语,,,,0,1,0,0,0,0,0,0,0,0,1
2026/2/16,android,KR,0,6931593682152,6939193504352,VID11-合成角色展示-Vincent-韩语,,,,0,1,0,0,0,0,0,0,0,0,1
2026/2/16,android,TW,0,6939217868352,6939743275552,VID22-选择+闯关-Vincent-繁中,,,,0,1,0,0,0,0,0,0,0,0,1
2026/2/16,android,TW,0,6939217868352,6941442664352,VID24-DMG战斗2-Vincent-繁中,,,,0,1,0,0,0,0,0,0,0,0,1
2026/2/16,android,TW,0,6939195938352,6941353952352,PIC21-合成火法师-Vincent-繁中,,,,0,1,0,0,0,0,0,0,0,0,1
2026/2/16,android,TW,0,6939217868352,6939219987752,VID12-英雄展示1-Abbey-通用,,,,0,1,0,0,0,0,0,0,0,0,1
2026/2/16,android,US,0,120238648236360510,120239358530960510,VID22-选择+闯关-Vincent-英语,,,,0,1,0,0,0,0,0,0,0,0,1
2026/2/14,android,US,0,6970072321780,6970323092180,PIC34-神族阵容-Vincent-英语,,,,0,1,0,0,0,0,0,0,0,0,1
2026/2/14,android,US,0,120238648236360510,120239358530980510,VID16-阵容组合-Abbey-英语,,,,0,1,0,0,0,0,0,0,0,0,1
2026/2/14,android,US,0,120238648236360510,120239358530950510,VID19-角色展示轮播2-Vincent-英语,,,,0,1,0,0,0,0,0,0,0,0,1
2026/2/14,android,US,0,120238648236360510,120239358530960510,VID22-选择+闯关-Vincent-英语,,,,0,1,0,0,0,0,0,0,0,0,1
2026/2/14,android,,0,,unknown,unknown,,,,0,1,0,0,0,0,0,0,0,0,1
2026/2/15,android,BR,0,120239366394730510,120239531552730510,VID06-LUDUS战斗-Vincent,,,,0,1,0,0,0,0,0,0,0,0,1
2026/2/15,android,BR,0,120239366594720510,120239423107460510,PIC五图04-英语,,,,0,1,0,0,0,0,0,0,0,0,1
2026/2/15,android,,0,,unknown,unknown,,,,0,1,0,0,0,0,0,0,0,0,1
2026/2/15,android,KR,0,6931591409752,6939192111552,PIC18-合成加特林-Vincent-韩语,,,,0,1,0,0,0,0,0,0,0,0,1
2026/2/15,android,KR,0,120241467475180572,120241468014200572,VID18-角色展示轮播-Vincent-韩语,,,,0,1,0,0,0,0,0,0,0,0,1
2026/2/15,android,KR,0,6931591409752,6939191252952,PIC16-4级蛇女-Vincent-韩语,,,,0,1,0,0,0,0,0,0,0,0,1
2026/2/15,android,KR,0,6931593682152,6941085524752,VID11-合成角色展示-Vincent-韩语,,,,0,1,0,0,0,0,0,0,0,0,1
2026/2/15,android,TW,0,6939195938352,6939214270152,PIC33-魔族阵容-Vincent-繁中,,,,0,1,0,0,0,0,0,0,0,0,1
2026/2/15,android,TW,0,6941413175152,6941413176752,PIC34-神族阵容-Vincent-繁中,,,,0,1,0,0,0,0,0,0,0,0,1
2026/2/15,android,TW,0,6941413175152,6941413183352,PIC五图03-繁中,,,,0,1,0,0,0,0,0,0,0,0,1
2026/2/14,android,KR,0,6931591409752,6939191253152,PIC17-4级巫妖-Vincent-韩语,,,,0,1,0,0,0,0,0,0,0,0,1
2026/2/14,android,KR,0,6931591409752,6939192111552,PIC18-合成加特林-Vincent-韩语,,,,0,1,0,0,0,0,0,0,0,0,1
2026/2/14,android,KR,0,6931591409752,6941352859352,PIC35-横版海报-Vincent-通用,,,,0,1,0,0,0,0,0,0,0,0,1
2026/2/14,android,KR,0,6931591409752,6939853826352,PIC五图01-韩语,,,,0,1,0,0,0,0,0,0,0,0,1
2026/2/14,android,KR,0,6931593682152,6941085524752,VID11-合成角色展示-Vincent-韩语,,,,0,1,0,0,0,0,0,0,0,0,1
2026/2/14,android,KR,0,120241467475180572,120241486390100572,PIC05-合成祭司-Vincent-韩语,,,,0,1,0,0,0,0,0,0,0,0,1
2026/2/14,android,TW,0,6939195938352,6939214269952,PIC32-机械族阵容-Vincent-繁中,,,,0,1,0,0,0,0,0,0,0,0,1
2026/2/14,android,TW,0,120240257805260572,120241465869820572,PIC18-合成加特林-Vincent-繁中,,,,0,1,0,0,0,0,0,0,0,0,1
2026/2/14,android,TW,0,6939217868352,6939743275552,VID22-选择+闯关-Vincent-繁中,,,,0,1,0,0,0,0,0,0,0,0,1
2026/2/14,android,US,0,120238607155630510,120239357471640510,PIC19-合成修理师-Vincent-英语,,,,0,1,0,0,0,0,0,0,0,0,1
2026/2/14,android,US,0,6970072321780,6970072322380,PIC21-合成火法师-Vincent-英语,,,,0,1,0,0,0,0,0,0,0,0,1
2026/2/14,android,US,0,6970072321780,6970072322580,PIC18-合成加特林-Vincent-英语,,,,0,1,0,0,0,0,0,0,0,0,1
2026/2/13,android,TW,0,6939195938352,6939856067152,PIC五图01-繁中,,,,0,1,0,0,0,0,0,0,0,0,1
2026/2/13,android,TW,0,6939195938352,6939856067552,PIC五图03-繁中,,,,0,1,0,0,0,0,0,0,0,0,1
2026/2/13,android,TW,0,6939195938352,6939858185152,PIC五图05-繁中,,,,0,1,0,0,0,0,0,0,0,0,1
2026/2/13,android,TW,0,120240257805260572,120241465869840572,VID10-选择英雄+战斗-Vincent,,,,0,1,0,0,0,0,0,0,0,0,1
2026/2/13,android,TW,0,6941413175152,6941418669752,VID10-选择英雄+战斗-Vincent,,,,0,1,0,0,0,0,0,0,0,0,1
2026/2/13,android,TW,0,6939217868352,6939743275752,VID21-神族战斗-Vincent-繁中,,,,0,1,0,0,0,0,0,0,0,0,1
2026/2/13,android,US,0,120238607155630510,120239357471640510,PIC19-合成修理师-Vincent-英语,,,,0,1,0,0,0,0,0,0,0,0,1
2026/2/13,android,US,0,120238607155630510,120239422701200510,PIC五图01-英语,,,,0,1,0,0,0,0,0,0,0,0,1
2026/2/13,android,US,0,6970072321780,6970072322380,PIC21-合成火法师-Vincent-英语,,,,0,1,0,0,0,0,0,0,0,0,1
2026/2/13,android,US,0,6970072321780,6970323092180,PIC34-神族阵容-Vincent-英语,,,,0,1,0,0,0,0,0,0,0,0,1
2026/2/13,android,US,0,120238648236360510,120239358530950510,VID19-角色展示轮播2-Vincent-英语,,,,0,1,0,0,0,0,0,0,0,0,1
2026/2/13,android,US,0,6970072321780,6970282527780,VID11-合成角色展示-Vincent-通用,,,,0,1,0,0,0,0,0,0,0,0,1
2026/2/13,android,,0,,unknown,unknown,,,,0,1,0,0,0,0,0,0,0,0,1
2026/2/14,android,BR,0,120239366594720510,120239366594820510,PIC18-合成加特林-Vincent-英语,,,,0,1,0,0,0,0,0,0,0,0,1
2026/2/14,android,BR,0,120239366594720510,120239531590770510,PIC34-神族阵容-Vincent-英语,,,,0,1,0,0,0,0,0,0,0,0,1
2026/2/12,android,US,0,120238648236360510,120239358530950510,VID19-角色展示轮播2-Vincent-英语,,,,0,1,0,0,0,0,0,0,0,0,1
2026/2/12,android,US,0,6970072321780,6970160770380,VID22-选择+闯关-Vincent-英语,,,,0,1,0,0,0,0,0,0,0,0,1
2026/2/13,android,BR,0,120239366594720510,120239366594740510,PIC34-神族阵容-Vincent-英语,,,,0,1,0,0,0,0,0,0,0,0,1
2026/2/13,android,BR,0,120239366594720510,120239531590770510,PIC34-神族阵容-Vincent-英语,,,,0,1,0,0,0,0,0,0,0,0,1
2026/2/13,android,BR,0,120239366594720510,120239423107450510,PIC五图05-英语,,,,0,1,0,0,0,0,0,0,0,0,1
2026/2/13,android,KR,0,6931591409752,6931592749952,PIC05-合成祭司-Vincent-韩语,,,,0,1,0,0,0,0,0,0,0,0,1
2026/2/13,android,KR,0,120241467475180572,120241486390100572,PIC05-合成祭司-Vincent-韩语,,,,0,1,0,0,0,0,0,0,0,0,1
2026/2/13,android,KR,0,6931593682152,6941085524752,VID11-合成角色展示-Vincent-韩语,,,,0,1,0,0,0,0,0,0,0,0,1
2026/2/13,android,TW,0,6939195938352,6941086288552,PIC19-合成修理师-Vincent-繁中,,,,0,1,0,0,0,0,0,0,0,0,1
2026/2/13,android,TW,0,6939195938352,6941353952352,PIC21-合成火法师-Vincent-繁中,,,,0,1,0,0,0,0,0,0,0,0,1
2026/2/13,android,TW,0,6939217868352,6939220724952,VID10-选择英雄+战斗-Vincent,,,,0,1,0,0,0,0,0,0,0,0,1
2026/2/13,android,TW,0,6939217868352,6941086622952,VID24-DMG战斗2-Vincent-繁中,,,,0,1,0,0,0,0,0,0,0,0,1
2026/2/13,android,TW,0,6939217868352,6939220725752,VID26-魔族失败胜利-Vincent-繁中,,,,0,1,0,0,0,0,0,0,0,0,1
2026/2/13,android,TW,0,6939195938352,6939210114152,PIC18-合成加特林-Vincent-繁中,,,,0,1,0,0,0,0,0,0,0,0,1
2026/2/12,android,TW,0,6939217868352,6939743275552,VID22-选择+闯关-Vincent-繁中,,,,0,1,0,0,0,0,0,0,0,0,1
2026/2/12,android,TW,0,120240257805260572,120240257805250572,PIC04-合成场景版-Vincent-繁中,,,,0,1,0,0,0,0,0,0,0,0,1
2026/2/12,android,TW,0,120240257805260572,120240257912910572,PIC19-合成修理师-Vincent-繁中,,,,0,1,0,0,0,0,0,0,0,0,1
2026/2/12,android,TW,0,6941413175152,6941413178552,PIC21-合成火法师-Vincent-繁中,,,,0,1,0,0,0,0,0,0,0,0,1
2026/2/12,android,TW,0,6939217868352,6939220724952,VID10-选择英雄+战斗-Vincent,,,,0,1,0,0,0,0,0,0,0,0,1
2026/2/12,android,US,0,120238648236360510,120238648236390510,VID11-合成角色展示-Vincent-通用,,,,0,1,0,0,0,0,0,0,0,0,1
2026/2/12,android,US,0,120238648236360510,120239408869050510,VID18-角色展示轮播-Vincent-英语,,,,0,1,0,0,0,0,0,0,0,0,1
2026/2/12,android,US,0,120238607155630510,120239357471660510,PIC21-合成火法师-Vincent-英语,,,,0,1,0,0,0,0,0,0,0,0,1
2026/2/12,android,US,0,120238607155630510,120239357496490510,PIC23-合成犀牛-Vincent-英语,,,,0,1,0,0,0,0,0,0,0,0,1
2026/2/12,android,US,0,120238607155630510,120239554427840510,PIC35-横版海报-Vincent-通用,,,,0,1,0,0,0,0,0,0,0,0,1
2026/2/12,android,US,0,6970072321780,6970323092180,PIC34-神族阵容-Vincent-英语,,,,0,1,0,0,0,0,0,0,0,0,1
2026/2/12,android,US,0,6970072321780,6970160770180,PIC五图01-英语,,,,0,1,0,0,0,0,0,0,0,0,1
2026/2/12,android,BR,0,120239366594720510,120239366594900510,PIC14-4级佛耶哥-Vincent-英语,,,,0,1,0,0,0,0,0,0,0,0,1
2026/2/12,android,BR,0,120239366594720510,120239366594800510,PIC32-机械族阵容-Vincent-英语,,,,0,1,0,0,0,0,0,0,0,0,1
2026/2/12,android,KR,0,6931591409752,6931593311552,PIC08-升级进化-Vincent-韩语,,,,0,1,0,0,0,0,0,0,0,0,1
2026/2/12,android,KR,0,6931591409752,6939192111552,PIC18-合成加特林-Vincent-韩语,,,,0,1,0,0,0,0,0,0,0,0,1
2026/2/12,android,KR,0,6931593682152,6941085524752,VID11-合成角色展示-Vincent-韩语,,,,0,1,0,0,0,0,0,0,0,0,1
2026/2/12,android,KR,0,120241467475180572,120241467475140572,PIC五图05-韩语,,,,0,1,0,0,0,0,0,0,0,0,1
2026/2/12,android,TW,0,6939195938352,6939214269752,PIC30-世界观2-Vincent-繁中,,,,0,1,0,0,0,0,0,0,0,0,1
2026/2/12,android,TW,0,6939217868352,6941442664152,VID21-神族战斗-Vincent-繁中,,,,0,1,0,0,0,0,0,0,0,0,1
2026/2/12,android,TW,0,6941413175152,6941413182552,PIC35-横版海报-Vincent-通用,,,,0,1,0,0,0,0,0,0,0,0,1
2026/2/12,android,TW,0,6941413175152,6941413182752,PIC五图01-繁中,,,,0,1,0,0,0,0,0,0,0,0,1
2026/2/11,android,US,0,6970072321780,6970323092180,PIC34-神族阵容-Vincent-英语,,,,0,1,0,0,0,0,0,0,0,0,1
2026/2/11,android,US,0,120238607155630510,120239528904140510,PIC19-合成修理师-Vincent-英语,,,,0,1,0,0,0,0,0,0,0,0,1
2026/2/11,android,US,0,120238607155630510,120239357496490510,PIC23-合成犀牛-Vincent-英语,,,,0,1,0,0,0,0,0,0,0,0,1
2026/2/11,android,US,0,120238607155630510,120239423540220510,PIC五图06-英语,,,,0,1,0,0,0,0,0,0,0,0,1
2026/2/11,android,US,0,120238648236360510,120239358487270510,VID12-英雄展示1-Abbey-通用,,,,0,1,0,0,0,0,0,0,0,0,1
2026/2/11,android,US,0,6970072321780,6970160770180,PIC五图01-英语,,,,0,1,0,0,0,0,0,0,0,0,1
2026/2/11,android,US,0,6970072321780,6970282527980,VID22-选择+闯关-Vincent-英语,,,,0,1,0,0,0,0,0,0,0,0,1
2026/2/12,android,BR,0,120239366594720510,120239366594890510,PIC13-4级厨师长-Vincent-英语,,,,0,1,0,0,0,0,0,0,0,0,1
2026/2/12,android,BR,0,120239366394730510,120239531552730510,VID06-LUDUS战斗-Vincent,,,,0,1,0,0,0,0,0,0,0,0,1
2026/2/12,android,BR,0,120239366594720510,120239366594730510,PIC17-4级巫妖-Vincent-英语,,,,0,1,0,0,0,0,0,0,0,0,1
2026/2/12,android,BR,0,120239366594720510,120239366594810510,PIC33-魔族阵容-Vincent-英语,,,,0,1,0,0,0,0,0,0,0,0,1
2026/2/12,android,BR,0,120239366594720510,120239531590770510,PIC34-神族阵容-Vincent-英语,,,,0,1,0,0,0,0,0,0,0,0,1
2026/2/12,android,BR,0,120239366594720510,120239423107420510,PIC五图03-英语,,,,0,1,0,0,0,0,0,0,0,0,1
2026/2/12,android,BR,0,120239366394730510,120239531552720510,VID24-DMG战斗2-Vincent-通用,,,,0,1,0,0,0,0,0,0,0,0,1
2026/2/11,android,TW,0,6941413175152,6941413182952,PIC五图06-繁中,,,,0,1,0,0,0,0,0,0,0,0,1
2026/2/10,android,BR,0,120239366394730510,120239531552690510,VID18-角色展示轮播-Vincent-英语,,,,0,1,0,0,0,0,0,0,0,0,1
2026/2/10,android,BR,0,120239366394730510,120239408982830510,VID13-英雄展示2-Abbey-通用,,,,0,1,0,0,0,0,0,0,0,0,1
2026/2/10,android,BR,0,120239366394730510,120239366394800510,VID15-卡牌滚动-Abbey-英语,,,,0,1,0,0,0,0,0,0,0,0,1
2026/2/10,android,BR,0,120239366594720510,120239366795310510,PIC05-合成祭司-Vincent-英语,,,,0,1,0,0,0,0,0,0,0,0,1
2026/2/10,android,BR,0,120239366594720510,120239366795320510,PIC08-升级进化-Vincent-英语,,,,0,1,0,0,0,0,0,0,0,0,1
2026/2/10,android,BR,0,120239366594720510,120239366795350510,PIC09-挑战强弱-Vincent-英语,,,,0,1,0,0,0,0,0,0,0,0,1
2026/2/10,android,BR,0,120239366594720510,120239366594910510,PIC15-4级巨魔-Vincent-英语,,,,0,1,0,0,0,0,0,0,0,0,1
2026/2/10,android,BR,0,120239366594720510,120239366594820510,PIC18-合成加特林-Vincent-英语,,,,0,1,0,0,0,0,0,0,0,0,1
2026/2/10,android,BR,0,120239366594720510,120239366594790510,PIC29-世界观-Vincent-英语,,,,0,1,0,0,0,0,0,0,0,0,1
2026/2/10,android,KR,0,6931593682152,6941085525152,VID17-魔王阵容-Vincent-韩语,,,,0,1,0,0,0,0,0,0,0,0,1
2026/2/11,android,TW,0,6939217868352,6939743275752,VID21-神族战斗-Vincent-繁中,,,,0,1,0,0,0,0,0,0,0,0,1
2026/2/11,android,TW,0,6939217868352,6939743275152,VID25-合成合成合成-Vincent-繁中,,,,0,1,0,0,0,0,0,0,0,0,1
2026/2/11,android,TW,0,6941413175152,6941413184152,PIC22-合成蛇女-Vincent-繁中,,,,0,1,0,0,0,0,0,0,0,0,1
2026/2/11,android,TW,0,6941413175152,6941418669552,VID06-LUDUS战斗-Vincent,,,,0,1,0,0,0,0,0,0,0,0,1
2026/2/11,android,US,0,120238607155630510,120239422701180510,PIC五图04-英语,,,,0,1,0,0,0,0,0,0,0,0,1
2026/2/11,android,US,0,120238648236360510,120239504948630510,VID26-魔族失败胜利-Vincent-英语,,,,0,1,0,0,0,0,0,0,0,0,1
2026/2/11,android,US,0,120237593576510510,120237596851810510,PIC05-合成祭司-Vincent-英语,,,,0,1,0,0,0,0,0,0,0,0,1
2026/2/11,android,US,0,120238607155630510,120239357471660510,PIC21-合成火法师-Vincent-英语,,,,0,1,0,0,0,0,0,0,0,0,1
2026/2/11,android,US,0,120238607155630510,120239357533120510,PIC29-世界观-Vincent-英语,,,,0,1,0,0,0,0,0,0,0,0,1
2026/2/11,android,US,0,120238607155630510,120239422701220510,PIC五图03-英语,,,,0,1,0,0,0,0,0,0,0,0,1
2026/2/11,android,TW,0,120240257805260572,120240257805250572,PIC04-合成场景版-Vincent-繁中,,,,0,1,0,0,0,0,0,0,0,0,1
2026/2/10,android,KR,0,6931591409752,6939192111952,PIC20-合成厨师长-Vincent-韩语,,,,0,1,0,0,0,0,0,0,0,0,1
2026/2/10,android,KR,0,6931591409752,6939192289552,PIC29-世界观-Vincent-韩语,,,,0,1,0,0,0,0,0,0,0,0,1
2026/2/10,android,KR,0,6931593682152,6939193504952,VID17-魔王阵容-Vincent-韩语,,,,0,1,0,0,0,0,0,0,0,0,1
2026/2/10,android,KR,0,6931591409752,6939191253752,PIC15-4级巨魔-Vincent-韩语,,,,0,1,0,0,0,0,0,0,0,0,1
2026/2/10,android,KR,0,6931593682152,6941085525552,VID15-卡牌滚动-Abbey-韩语,,,,0,1,0,0,0,0,0,0,0,0,1
2026/2/10,android,KR,0,6931593682152,6941085525352,VID16-阵容组合-Abbey-韩语,,,,0,1,0,0,0,0,0,0,0,0,1
2026/2/10,android,KR,0,6931593682152,6939743637552,VID22-选择+闯关-Vincent-韩语,,,,0,1,0,0,0,0,0,0,0,0,1
2026/2/10,android,KR,0,6931593682152,6939223232952,VID24-DMG战斗2-Vincent-韩语,,,,0,1,0,0,0,0,0,0,0,0,1
2026/2/10,android,BR,0,120239366594720510,120239423107420510,PIC五图03-英语,,,,0,1,0,0,0,0,0,0,0,0,1
2026/2/10,android,TW,0,6939195938352,6939216112552,PIC06-立绘卡牌展示-Vincent-繁中,,,,0,1,0,0,0,0,0,0,0,0,1
2026/2/10,android,TW,0,6939195938352,6939216112752,PIC11-战斗PVE-Vincent-繁中,,,,0,1,0,0,0,0,0,0,0,0,1
2026/2/10,android,TW,0,6939195938352,6939195941952,PIC15-4级巨魔-Vincent-繁中,,,,0,1,0,0,0,0,0,0,0,0,1
2026/2/10,android,TW,0,6939195938352,6941086288352,PIC18-合成加特林-Vincent-繁中,,,,0,1,0,0,0,0,0,0,0,0,1
2026/2/10,android,TW,0,6939195938352,6939214269952,PIC32-机械族阵容-Vincent-繁中,,,,0,1,0,0,0,0,0,0,0,0,1
2026/2/10,android,TW,0,6939217868352,6939220323752,VID19-角色展示轮播2-Vincent-繁中,,,,0,1,0,0,0,0,0,0,0,0,1
2026/2/11,android,TW,0,120240257805260572,120241501180390572,PIC五图01-繁中,,,,0,1,0,0,0,0,0,0,0,0,1
2026/2/11,android,TW,0,6941413175152,6941413180752,PIC11-战斗PVE-Vincent-繁中,,,,0,1,0,0,0,0,0,0,0,0,1
2026/2/11,android,TW,0,6941413175152,6941413175752,PIC13-4级厨师长-Vincent-繁中,,,,0,1,0,0,0,0,0,0,0,0,1
2026/2/11,android,TW,0,6941413175152,6941413177152,PIC29-世界观-Vincent-繁中,,,,0,1,0,0,0,0,0,0,0,0,1
2026/2/11,android,TW,0,6941413175152,6941413176552,PIC32-机械族阵容-Vincent-繁中,,,,0,1,0,0,0,0,0,0,0,0,1
2026/2/11,android,TW,0,6939195938352,6939210114152,PIC18-合成加特林-Vincent-繁中,,,,0,1,0,0,0,0,0,0,0,0,1
2026/2/11,android,TW,0,6939195938352,6941353952352,PIC21-合成火法师-Vincent-繁中,,,,0,1,0,0,0,0,0,0,0,0,1
2026/2/11,android,TW,0,6939195938352,6941353017152,PIC34-神族阵容-Vincent-繁中,,,,0,1,0,0,0,0,0,0,0,0,1
2026/2/11,android,TW,0,6939217868352,6939220724952,VID10-选择英雄+战斗-Vincent,,,,0,1,0,0,0,0,0,0,0,0,1
2026/2/11,android,TW,0,6939217868352,6941442664352,VID24-DMG战斗2-Vincent-繁中,,,,0,1,0,0,0,0,0,0,0,0,1
2026/2/11,android,TW,0,6941413175152,6941413180952,PIC06-立绘卡牌展示-Vincent-繁中,,,,0,1,0,0,0,0,0,0,0,0,1
2026/2/11,android,TW,0,6941413175152,6941413175552,PIC16-4级蛇女-Vincent-繁中,,,,0,1,0,0,0,0,0,0,0,0,1
2026/2/11,android,TW,0,6941413175152,6941413176752,PIC34-神族阵容-Vincent-繁中,,,,0,1,0,0,0,0,0,0,0,0,1
2026/2/11,android,KR,0,6931591409752,6939192224152,PIC23-合成犀牛-Vincent-韩语,,,,0,1,0,0,0,0,0,0,0,0,1
2026/2/10,android,TW,0,6939195938352,6939216112352,PIC04-合成场景版-Vincent-繁中,,,,0,1,0,0,0,0,0,0,0,0,1
2026/2/10,android,TW,0,6939195938352,6939195940952,PIC16-4级蛇女-Vincent-繁中,,,,0,1,0,0,0,0,0,0,0,0,1
2026/2/10,android,TW,0,6939195938352,6941086287352,PIC23-合成犀牛-Vincent-繁中,,,,0,1,0,0,0,0,0,0,0,0,1
2026/2/10,android,TW,0,6939195938352,6939856067952,PIC五图04-繁中,,,,0,1,0,0,0,0,0,0,0,0,1
2026/2/11,android,KR,0,6931591409752,6941352859352,PIC35-横版海报-Vincent-通用,,,,0,1,0,0,0,0,0,0,0,0,1
2026/2/11,android,KR,0,6931591409752,6939853826352,PIC五图01-韩语,,,,0,1,0,0,0,0,0,0,0,0,1
2026/2/11,android,KR,0,6931593682152,6939223232952,VID24-DMG战斗2-Vincent-韩语,,,,0,1,0,0,0,0,0,0,0,0,1
2026/2/11,android,KR,0,6931591409752,6941352867552,PIC34-神族阵容-Vincent-韩语,,,,0,1,0,0,0,0,0,0,0,0,1
2026/2/11,android,KR,0,120241467475180572,120241468014200572,VID18-角色展示轮播-Vincent-韩语,,,,0,1,0,0,0,0,0,0,0,0,1
2026/2/11,android,TW,0,6939195938352,6939216112552,PIC06-立绘卡牌展示-Vincent-繁中,,,,0,1,0,0,0,0,0,0,0,0,1
2026/2/11,android,TW,0,6939195938352,6939210114352,PIC19-合成修理师-Vincent-繁中,,,,0,1,0,0,0,0,0,0,0,0,1
2026/2/11,android,TW,0,6939195938352,6941086287352,PIC23-合成犀牛-Vincent-繁中,,,,0,1,0,0,0,0,0,0,0,0,1
2026/2/10,android,TW,0,6939217868352,6941086622952,VID24-DMG战斗2-Vincent-繁中,,,,0,1,0,0,0,0,0,0,0,0,1
2026/2/10,android,TW,0,6939217868352,6941086622752,VID26-魔族失败胜利-Vincent-繁中,,,,0,1,0,0,0,0,0,0,0,0,1
2026/2/10,android,TW,0,6939217868352,6941086623152,VID06-LUDUS战斗-Vincent,,,,0,1,0,0,0,0,0,0,0,0,1
2026/2/10,android,TW,0,6939217868352,6939743275752,VID21-神族战斗-Vincent-繁中,,,,0,1,0,0,0,0,0,0,0,0,1
2026/2/11,android,BR,0,120239366394730510,120239531552690510,VID18-角色展示轮播-Vincent-英语,,,,0,1,0,0,0,0,0,0,0,0,1
2026/2/11,android,BR,0,120239366394730510,120239373825000510,VID24-DMG战斗2-Vincent-通用,,,,0,1,0,0,0,0,0,0,0,0,1
2026/2/11,android,BR,0,120239366594720510,120239366594740510,PIC34-神族阵容-Vincent-英语,,,,0,1,0,0,0,0,0,0,0,0,1
2026/2/11,android,BR,0,120239366594720510,120239423107420510,PIC五图03-英语,,,,0,1,0,0,0,0,0,0,0,0,1
2026/2/11,android,KR,0,6931591409752,6939192111552,PIC18-合成加特林-Vincent-韩语,,,,0,1,0,0,0,0,0,0,0,0,1
2026/2/11,android,KR,0,6931591409752,6941085953152,PIC18-合成加特林-Vincent-韩语,,,,0,1,0,0,0,0,0,0,0,0,1
2026/2/10,android,US,0,120238607155630510,120239357533120510,PIC29-世界观-Vincent-英语,,,,0,1,0,0,0,0,0,0,0,0,1
2026/2/10,android,US,0,120237593576510510,120237659770240510,VID06-LUDUS战斗-Vincent,,,,0,1,0,0,0,0,0,0,0,0,1
2026/2/10,android,US,0,120237593576510510,120237596851810510,PIC05-合成祭司-Vincent-英语,,,,0,1,0,0,0,0,0,0,0,0,1
2026/2/10,android,,0,120239150858680572,120239150858810572,合成-场景版-繁中,,,,0,1,0,0,0,0,0,0,0,0,1
2026/2/10,android,US,0,120238607155630510,120239422701210510,PIC五图02-英语,1379725066317604,120239422701210510,PIC五图02-英语,1.94,0,0,407,4,407,4,1,0,2,1
2026/2/10,android,TW,0,6941413175152,6941413183552,PIC五图02-繁中,1384270166683478,6941413183552,PIC五图02-繁中,0.76,0,0,61,0,61,0,0,0,0,1
2026/2/10,android,TW,0,6941413175152,6941413183352,PIC五图03-繁中,1384270166683478,6941413183352,PIC五图03-繁中,25.95,0,0,1891,48,1891,48,0,0,1,1
2026/2/10,android,TW,0,6941413175152,6941413183152,PIC五图04-繁中,1384270166683478,6941413183152,PIC五图04-繁中,2.63,0,0,474,6,474,6,0,0,1,1
2026/2/10,android,TW,0,6941413175152,6941413182352,PIC五图05-繁中,1384270166683478,6941413182352,PIC五图05-繁中,1.47,0,0,141,1,141,1,0,0,1,1
2026/2/10,android,TW,0,6941413175152,6941413182952,PIC五图06-繁中,1384270166683478,6941413182952,PIC五图06-繁中,5.85,0,0,416,12,416,12,0,0,0,1
2026/2/10,android,TW,0,6941413175152,6941418669552,VID06-LUDUS战斗-Vincent,1384270166683478,6941418669552,VID06-LUDUS战斗-Vincent,15.51,0,0,1373,24,1373,24,176,125,3,1
2026/2/10,android,TW,0,6941413175152,6941418669752,VID10-选择英雄+战斗-Vincent,1384270166683478,6941418669752,VID10-选择英雄+战斗-Vincent,29.43,0,0,3831,25,3831,25,303,241,3,1
2026/2/10,android,TW,0,6941413175152,6941418669352,VID24-DMG战斗2-Vincent-繁中,1384270166683478,6941418669352,VID24-DMG战斗2-Vincent-繁中,6.75,0,0,532,3,532,3,82,62,5,1
2026/2/10,android,TW,0,6941413175152,6941418669152,VID26-魔族失败胜利-Vincent-繁中,1384270166683478,6941418669152,VID26-魔族失败胜利-Vincent-繁中,1.36,0,0,98,3,98,3,28,21,7,1
2026/2/10,android,US,0,120238607155630510,120239357471640510,PIC19-合成修理师-Vincent-英语,1379725066317604,120239357471640510,PIC19-合成修理师-Vincent-英语,84.71,0,0,8237,134,8237,134,0,0,0,1
2026/2/10,android,US,0,120238607155630510,120239528904130510,PIC21-合成火法师-Vincent-英语,1379725066317604,120239528904130510,PIC21-合成火法师-Vincent-英语,84.23,0,0,10183,146,10183,146,0,0,0,1
2026/2/10,android,US,0,120238607155630510,120239357471670510,PIC22-合成蛇女-Vincent-英语,1379725066317604,120239357471670510,PIC22-合成蛇女-Vincent-英语,2.38,0,0,902,3,902,3,0,0,0,1
2026/2/10,android,US,0,120238607155630510,120239357496490510,PIC23-合成犀牛-Vincent-英语,1379725066317604,120239357496490510,PIC23-合成犀牛-Vincent-英语,39.44,0,0,4933,68,4933,68,0,0,0,1
2026/2/10,android,US,0,120238607155630510,120239554427840510,PIC35-横版海报-Vincent-通用,1379725066317604,120239554427840510,PIC35-横版海报-Vincent-通用,30.16,0,0,3605,27,3605,27,0,0,2,1
2026/2/10,android,US,0,120238607155630510,120239422701200510,PIC五图01-英语,1379725066317604,120239422701200510,PIC五图01-英语,102.04,0,0,9510,188,9510,188,3,1,3,1
2026/2/10,android,US,0,6970072321780,6970282527980,VID22-选择+闯关-Vincent-英语,2394784647636894,6970282527980,VID22-选择+闯关-Vincent-英语,20.35,0,0,631,24,631,24,359,354,16,1
